,0,1,2
0J0,1000,1000,200
2A8,1000,1000,200
KEET,3.80,4.15,200
8A0,4.45,4.10,200
KALX,3.60,4.10,200
KAIV,1000,1000,200
79J,2.99,2.29,200
KANB,3.79,3.24,200
1M3,1000,1000,200
26A,1000,1000,200
0R1,1000,1000,200
KAUO,3.50,3.30,200
1R8,1000,3.85,200
5R7,1000,1000,200
KEKY,4.48,4.59,200
KBHM,4.83,5.40,200
12J,4.78,3.90,200
09A,1000,1000,200
61A,1000,1000,200
KPYP,1000,1000,200
0A8,1000,1000,200
5R1,1000,1000,200
02A,4.45,3.45,200
11A,1000,1000,200
9A4,1000,1000,200
15A,1000,1000,200
KCMD,3.50,2.99,200
4R9,1000,1000,200
KDCU,4.50,4.30,200
KDYA,4.20,3.80,200
KDHN,4.61,4.31,200
3M2,1000,1000,200
14J,1000,1000,200
KEDN,3.27,2.35,200
KEUF,4.00,4.30,200
KGZH,3.25,2.99,200
KCQF,3.85,3.50,200
M95,3.16,1000,200
0J4,5.85,5.35,200
5R4,1000,1000,200
4A9,4.00,3.70,200
KGAD,3.90,4.00,200
33J,1000,1000,200
7A0,1000,1000,200
KPRN,1000,1000,200
KJKA,4.20,4.04,200
8A1,1000,1000,200
1M4,4.63,4.81,200
KHAB,3.10,1000,200
5M0,1000,1000,200
M38,1000,1000,200
0J6,4.35,2.75,200
KHSV,4.50,4.13,200
KMDQ,4.58,4.13,200
3M5,1000,1000,200
4R3,1000,1000,200
KJFX,3.99,4.29,200
7A3,1000,1000,200
04A,1000,1000,200
A08,4.23,3.50,200
KMOB,6.18,5.41,200
KBFM,5.35,5.77,200
KMVC,1000,3.62,200
KMGM,5.15,4.90,200
KMSL,3.75,3.95,200
20A,1000,1000,200
71J,3.26,3.25,200
KPLR,3.60,3.60,200
1A9,3.20,2.74,200
3M8,1000,1000,200
7A5,1000,1000,200
M22,1000,1000,200
1A4,1000,1000,200
4A6,3.90,3.45,200
KSEM,3.20,2.74,200
2R5,1000,1000,200
7A6,1000,1000,200
KSCD,3.97,1000,200
PADK,1000,1000,200
PAKH,1000,1000,200
Z13,1000,1000,200
PFAK,1000,1000,200
PAUT,1000,1000,200
PAUK,1000,1000,200
5A8,1000,1000,200
Z25,1000,1000,200
PFAL,1000,1000,200
PAFM,1000,1000,200
80A,1000,1000,200
PAKP,1000,1000,200
PANC,5.37,2.80,200
PAMR,5.45,3.81,200
PALH,5.37,2.80,200
A13,1000,1000,200
PANI,8.89,7.29,200
PANV,1000,1000,200
PARC,1000,1000,200
PAAK,1000,1000,200
4A2,1000,1000,200
PATQ,1000,1000,200
PABR,1000,1000,200
PABA,1000,1000,200
Z47,1000,1000,200
Z48,1000,1000,200
Z52,1000,1000,200
PAWB,1000,1000,200
PABE,6.94,5.97,200
PABT,8.25,7.55,200
PAGQ,1000,1000,200
Z91,1000,1000,200
PABV,1000,1000,200
5BK,1000,1000,200
BYA,1000,1000,200
PFKT,1000,1000,200
PABL,1000,1000,200
PATW,1000,1000,200
PACE,1000,1000,200
PACI,1000,1000,200
5CD,1000,1000,200
PALR,1000,1000,200
PACK,1000,1000,200
PFCB,1000,1000,200
PAVA,1000,1000,200
CKX,1000,1000,200
PAJC,1000,1000,200
KCL,1000,1000,200
A79,1000,1000,200
CZN,1000,1000,200
CZO,1000,1000,200
CXC,1000,1000,200
PACH,1000,1000,200
PACR,1000,1000,200
CHP,1000,1000,200
PFCL,1000,1000,200
PACL,1000,1000,200
CLF,1000,1000,200
PACD,1000,1000,200
PACX,1000,1000,200
JLA,1000,1000,200
Z93,1000,1000,200
CKU,7.26,5.95,200
PACV,1000,1000,200
K29,1000,1000,200
PACJ,1000,1000,200
DCK,1000,1000,200
PASC,7.98,4.31,200
PADE,1000,1000,200
D66,1000,1000,200
PADL,7.27,7.07,200
PAEG,1000,1000,200
PAEE,1000,1000,200
PAII,1000,1000,200
KEK,1000,1000,200
PFEL,1000,1000,200
PAEM,1000,1000,200
2Z2,1000,1000,200
2Z3,1000,1000,200
PAFA,5.37,7.92,200
PAAN,1000,1000,200
PAKF,1000,1000,200
PAFL,1000,1000,200
3Z1,1000,1000,200
FLT,1000,1000,200
PFYU,1000,1000,200
PAGB,1000,1000,200
PAGA,1000,1000,200
PAGM,1000,1000,200
AQY,1000,1000,200
KGZ,1000,1000,200
PAGL,1000,1000,200
GNU,1000,1000,200
PAGX,1000,1000,200
PAGK,1000,1000,200
PAGS,5.99,6.79,200
PAHN,6.49,7.32,200
PAHV,1000,1000,200
PAHC,1000,1000,200
PAHO,1000,1000,200
PAOH,1000,1000,200
PAHP,1000,1000,200
5HO,1000,1000,200
4Z5,1000,1000,200
PAHU,1000,1000,200
PAHL,1000,1000,200
PAIG,1000,1000,200
PAIL,6.99,5.99,200
4Z9,1000,1000,200
PAJN,1000,1000,200
PAFE,1000,1000,200
PALG,1000,1000,200
PAKV,1000,1000,200
5Z5,1000,1000,200
Z90,1000,1000,200
PAKY,1000,1000,200
PFKA,1000,1000,200
5KS,1000,1000,200
RK1,1000,1000,200
PAEN,4.94,3.30,200
PAKT,5.89,7.07,200
PAIK,1000,1000,200
PAVC,1000,1000,200
PAKN,6.99,5.99,200
PAKI,1000,1000,200
PAVL,1000,1000,200
PAKW,1000,1000,200
PAOB,1000,1000,200
PADQ,7.40,7.49,200
PAKD,1000,1000,200
PFKK,1000,1000,200
PAJZ,1000,1000,200
PADY,1000,1000,200
PFKO,1000,1000,200
PAOT,7.66,6.07,200
PAKK,1000,1000,200
PFKU,1000,1000,200
PAKL,1000,1000,200
PFKW,1000,1000,200
PAGG,1000,1000,200
Z55,1000,1000,200
PALB,1000,1000,200
9Z9,1000,1000,200
9Z8,1000,1000,200
2AK,1000,1000,200
4AK,1000,1000,200
PAML,1000,1000,200
PAMB,1000,1000,200
PADM,1000,1000,200
MYK,1000,1000,200
PAMX,1000,1000,200
AK0,1000,1000,200
PAMC,1000,1000,200
PAIN,1000,1000,200
PAMY,1000,1000,200
PFME,1000,1000,200
PAMD,1000,1000,200
PAMH,1000,1000,200
51Z,1000,1000,200
PAMO,1000,1000,200
76Z,1000,1000,200
5NK,1000,1000,200
KEB,1000,1000,200
PANA,1000,1000,200
PAPK,1000,1000,200
PAOU,1000,1000,200
PANN,5.57,4.37,200
PANW,1000,1000,200
PAEW,1000,1000,200
PAGT,1000,1000,200
PAFS,1000,1000,200
PAKO,1000,1000,200
NIN,1000,1000,200
PAWN,1000,1000,200
PAOM,7.42,5.57,200
94Z,1000,1000,200
PANO,1000,1000,200
PFNO,1000,1000,200
95Z,1000,1000,200
PAOR,1000,1000,200
PAQT,1000,1000,200
PANU,1000,1000,200
SXP,1000,1000,200
PPIT,1000,1000,200
6R7,1000,1000,200
Z17,1000,1000,200
4K5,1000,1000,200
Z40,1000,1000,200
PAAQ,4.79,2.99,200
AK1,1000,1000,200
PAXK,1000,1000,200
4K0,1000,1000,200
PAPE,1000,1000,200
PAPG,6.00,4.50,200
PAPN,1000,1000,200
UGB,1000,1000,200
0AK,1000,1000,200
PAPM,1000,1000,200
PAPO,1000,1000,200
PPIZ,1000,1000,200
PAKX,1000,1000,200
PGM,1000,1000,200
PAPH,1000,1000,200
ORI,1000,1000,200
PAOC,1000,1000,200
PAPR,1000,1000,200
01A,1000,1000,200
20K,1000,1000,200
5QC,1000,1000,200
PAQH,1000,1000,200
6AK,1000,1000,200
RMP,1000,1000,200
RDV,1000,1000,200
PARY,1000,1000,200
PARS,1000,1000,200
Z81,1000,1000,200
PASD,1000,1000,200
PASA,1000,1000,200
PACM,1000,1000,200
PASK,1000,1000,200
PASO,1000,1000,200
PAWD,7.40,7.90,200
PAHX,1000,1000,200
PFSH,1000,1000,200
PASP,1000,1000,200
PASH,1000,1000,200
PAGH,1000,1000,200
PASI,6.24,7.62,200
PAGY,1000,1000,200
PASW,8.00,9.25,200
PASL,1000,1000,200
PASX,5.89,4.00,200
PFWS,1000,1000,200
PAPB,1000,1000,200
PASM,7.83,6.89,200
PAMK,1000,1000,200
PASN,1000,1000,200
WBB,1000,1000,200
SVS,1000,1000,200
SRV,1000,1000,200
PAST,1000,1000,200
PPCT,1000,1000,200
PATK,1000,1000,200
TSG,1000,1000,200
PATA,1000,1000,200
PAKA,1000,1000,200
8KA,1000,1000,200
PATM,1000,1000,200
Z14,1000,1000,200
2K5,1000,1000,200
PATE,1000,1000,200
3T4,1000,1000,200
PATG,1000,1000,200
PFTO,6.15,5.15,200
PAOO,1000,1000,200
9AK,1000,1000,200
TLT,1000,1000,200
A61,1000,1000,200
4KA,1000,1000,200
A63,1000,1000,200
9A8,1000,1000,200
PAUM,1000,1000,200
PAUN,8.05,7.00,200
PADU,1000,1000,200
PAVD,1000,6.98,200
K55,1000,1000,200
PAVE,1000,1000,200
PAWI,1000,1000,200
PAIW,1000,1000,200
PAWS,5.25,3.45,200
PAWM,1000,1000,200
PAWR,1000,1000,200
PAUO,1000,1000,200
WSM,1000,1000,200
PAWG,6.45,6.70,200
PAYA,6.50,5.50,200
3AK,1000,1000,200
A67,1000,1000,200
A69,1000,1000,200
A68,1000,1000,200
A57,1000,1000,200
A77,1000,1000,200
L20,1000,1000,200
P01,1000,1000,200
E51,1000,1000,200
E95,4.75,5.25,200
P04,1000,1000,200
KBXK,1000,1000,200
KIFP,4.30,4.57,200
A20,1000,1000,200
A09,1000,1000,200
KCGZ,3.39,3.10,200
KCHD,4.25,3.45,200
P19,1000,1000,200
E91,1000,1000,200
Z95,1000,1000,200
KCFT,1000,1000,200
KAZC,5.35,4.95,200
P08,3.49,2.76,200
P52,3.39,2.99,200
P03,1000,1000,200
KDGL,1000,1000,200
KDUG,4.95,4.75,200
E60,4.75,3.75,200
KFLG,4.39,4.29,200
KFHU,4.95,4.91,200
E63,1000,1000,200
KGEU,4.55,4.95,200
P13,1000,1000,200
KGYR,4.79,4.79,200
40G,1000,1000,200
KGCN,4.39,4.29,200
P14,3.79,3.39,200
0V7,1000,1000,200
E67,1000,1000,200
KIGM,3.97,2.75,200
KHII,4.15,3.25,200
KAVQ,4.60,3.90,200
KMZJ,5.35,5.20,200
L41,1000,1000,200
A39,1000,1000,200
L25,1000,1000,200
KFFZ,4.60,3.70,200
KPGA,4.60,4.10,200
P20,4.99,3.22,200
KPAN,1000,1000,200
1G4,1000,1000,200
L37,1000,1000,200
P48,1000,1000,200
KPHX,5.13,4.50,200
KIWA,5.13,4.50,200
KDVT,5.44,5.39,200
E37,1000,1000,200
P10,1000,1000,200
KPRC,4.58,4.88,200
KSAD,3.90,2.90,200
44A,1000,1000,200
E77,1000,1000,200
KSDL,5.13,4.50,200
KSEZ,4.34,4.29,200
P23,1000,1000,200
E78,1000,1000,200
KSOW,3.70,2.19,200
KJTC,3.50,2.67,200
KSJN,1000,1000,200
E81,1000,1000,200
KTYL,1000,1000,200
U30,1000,1000,200
P29,1000,1000,200
T03,1000,1000,200
KTUS,4.99,3.90,200
KRYN,4.49,3.90,200
E24,1000,1000,200
1Z1,1000,1000,200
E25,4.00,4.45,200
P33,1000,1000,200
KCMR,3.39,3.39,200
KRQE,1000,1000,200
KINW,3.79,3.39,200
KNYL,3.16,3.31,200
M73,1000,1000,200
KADF,3.68,3.04,200
KCVK,4.25,1000,200
M60,1000,1000,200
M74,1000,1000,200
AK76,1000,1000,200
KOLS,5.50,4.61,200
KBVX,4.75,4.50,200
KSUZ,3.26,2.99,200
KVBT,4.20,3.98,200
4M1,1000,1000,200
17A,1000,1000,200
KBYH,1000,3.43,200
KHKA,4.86,4.14,200
4M2,1000,1000,200
M36,1000,1000,200
37T,1000,1000,200
KCDH,1000,1000,200
4M3,1000,1000,200
4M8,1000,1000,200
H35,3.49,3.99,200
KCCA,1000,1000,200
2A2,1000,1000,200
KDRP,1000,1000,200
KCXW,3.65,3.75,200
4M9,3.54,3.50,200
KCRT,3.95,3.15,200
32A,1000,1000,200
KDEQ,4.26,3.74,200
5M1,1000,1000,200
5M5,1000,1000,200
4M5,1000,1000,200
0M0,3.45,3.60,200
KELD,3.10,3.15,200
F43,1000,1000,200
KFYV,3.48,4.02,200
KXNA,4.68,3.25,200
KFLP,4.38,2.99,200
5M4,1000,1000,200
KFCY,3.85,3.55,200
KFSM,4.91,5.23,200
12A,1000,1000,200
5M8,1000,1000,200
0R6,1000,1000,200
KHRO,4.39,4.29,200
6M0,1000,1000,200
KHBZ,4.59,4.39,200
KHEE,3.85,4.34,200
2A6,1000,1000,200
M18,3.26,2.28,200
6M2,1000,1000,200
KHOT,3.39,3.71,200
H34,1000,1000,200
KJBR,4.29,3.77,200
M32,1000,1000,200
3M0,1000,1000,200
KLIT,5.59,4.39,200
KAGO,1000,1000,200
M78,1000,1000,200
KMXA,1000,1000,200
6M7,1000,1000,200
6M8,1000,1000,200
4A5,1000,1000,200
7M1,5.42,3.50,200
42A,2.84,3.14,200
KMEZ,4.66,4.62,200
KLLQ,3.95,3.75,200
KMPJ,1000,1000,200
KBDQ,3.65,3.75,200
7M3,3.63,2.94,200
KBPK,4.29,4.18,200
7M2,1000,1000,200
M19,4.10,3.35,200
KORK,3.99,3.67,200
7M4,1000,1000,200
7M5,1000,1000,200
KPGR,3.52,2.99,200
7M6,1000,1000,200
7M7,1000,1000,200
M77,1000,1000,200
KPBF,2.95,3.40,200
M70,3.49,3.39,200
4F7,1000,1000,200
7M8,1000,1000,200
KRUE,3.85,3.50,200
7M9,1000,1000,200
KSRC,4.83,4.66,200
KROG,4.68,4.38,200
9M8,1000,1000,200
99A,1000,1000,200
KSLG,3.79,3.99,200
KASG,4.10,4.00,200
55M,1000,1000,200
KTXK,4.98,4.99,200
M27,1000,1000,200
3M9,1000,1000,200
4F8,1000,1000,200
KSGT,4.59,4.25,200
8M2,1000,1000,200
KAWM,2.73,2.82,200
A26,1000,1000,200
L54,1000,1000,200
KARG,3.44,3.15,200
L70,1000,1000,200
KAAT,1000,4.74,200
A24,1000,1000,200
2O3,1000,1000,200
KAPV,3.45,2.98,200
KACV,1000,4.76,200
KMER,5.47,3.99,200
KAVX,1000,1000,200
0O2,1000,1000,200
KBFL,5.58,4.62,200
L45,3.58,2.75,200
KBNG,1000,1000,200
O02,1000,1000,200
O55,1000,1000,200
L35,3.67,3.19,200
KBIH,4.37,4.17,200
D83,1000,1000,200
L08,1000,1000,200
KBWC,3.50,3.79,200
O57,1000,1000,200
KBUR,6.55,4.28,200
L62,1000,1000,200
C83,1000,1000,200
L71,1000,1000,200
KCLR,1000,1000,200
KCMA,4.70,2.75,200
O61,1000,1000,200
KCRQ,4.99,4.81,200
O59,1000,1000,200
49X,1000,1000,200
O05,4.73,4.03,200
KCIC,4.89,4.24,200
L77,1000,1000,200
2O6,1000,1000,200
O60,1000,1000,200
3O8,1000,1000,200
C80,1000,1000,200
O22,3.09,3.95,200
O08,1000,1000,200
KCPM,1000,1000,200
KCCR,4.50,3.60,200
KAJO,1000,1000,200
O09,1000,1000,200
KCEC,4.89,4.80,200
KDAG,5.95,5.70,200
KEDU,1000,1000,200
KDWA,4.89,4.50,200
L06,1000,1000,200
L09,1000,1000,200
KDLO,5.00,4.45,200
A32,1000,1000,200
1O6,1000,1000,200
KEMT,4.99,3.99,200
KBLU,1000,1000,200
KEKA,1000,1000,200
O33,1000,1000,200
O19,1000,1000,200
L18,1000,1000,200
L73,1000,1000,200
F34,1000,1000,200
A28,1000,1000,200
A30,1000,1000,200
KFOT,1000,1000,200
F72,1000,1000,200
KFAT,5.39,3.99,200
KFCH,1000,1000,200
KFUL,4.18,4.30,200
O16,1000,1000,200
0O9,1000,1000,200
E36,1000,1000,200
KGOO,3.91,4.43,200
E45,1000,1000,200
E55,1000,1000,200
3O1,1000,1000,200
KHAF,1000,1000,200
36S,1000,1000,200
KHHR,5.14,4.86,200
F62,1000,1000,200
KHWD,4.15,2.95,200
KHES,1000,1000,200
KHMT,3.75,3.85,200
H37,1000,1000,200
KCVH,3.95,3.53,200
1C9,1000,1000,200
O21,1000,1000,200
H47,1000,1000,200
KIPL,3.50,3.79,200
2O7,1000,1000,200
KIYK,3.20,4.47,200
KJAQ,3.59,3.59,200
L78,1000,1000,200
KKIC,1000,1000,200
S51,1000,1000,200
KPOC,5.59,4.49,200
1O2,1000,1000,200
KWJF,5.29,4.49,200
O24,1000,1000,200
KLHM,4.39,5.33,200
KLLR,1000,1000,200
KLVK,4.15,3.95,200
O20,1000,1000,200
L53,1000,1000,200
KLPC,4.07,3.96,200
O26,4.43,1000,200
KLGB,5.92,6.50,200
KWHP,3.99,3.89,200
KLAX,5.14,6.05,200
KLSN,4.95,3.35,200
KMAE,4.58,3.99,200
KOAR,3.48,3.50,200
KMPI,3.35,1000,200
M45,1000,1000,200
KMYV,4.39,4.99,200
M90,1000,1000,200
KMCE,4.85,4.52,200
KMOD,3.45,3.99,200
KSIY,1000,1000,200
1O5,1000,1000,200
KMRY,3.99,3.88,200
F70,3.70,2.89,200
KAPC,4.64,3.93,200
KEED,4.99,4.75,200
KDVO,4.60,3.85,200
O27,1000,1000,200
KOAK,6.49,4.33,200
KOKB,3.80,1000,200
L90,1000,1000,200
KONT,3.79,2.95,200
O37,1000,1000,200
KOVE,4.25,4.25,200
KOXR,4.75,3.00,200
KPSP,5.80,5.27,200
KTRM,4.01,2.37,200
KUDD,4.36,5.27,200
KPAO,4.15,3.44,200
KPRB,3.87,3.80,200
L65,1000,1000,200
O69,3.75,4.50,200
KPVF,1000,1000,200
KPTV,4.70,4.25,200
2O1,1000,1000,200
KRNM,4.25,3.50,200
KRIU,5.30,5.50,200
KRBL,5.00,4.30,200
KRDD,4.89,4.29,200
O85,5.29,5.19,200
KREI,1000,1000,200
O32,4.50,4.90,200
L36,1000,1000,200
O88,1000,1000,200
KRIV,5.05,3.91,200
KRIR,1000,1000,200
L00,1000,1000,200
T42,1000,1000,200
KSAC,3.73,4.39,200
KMCC,3.73,4.39,200
KMHR,3.73,4.39,200
KSMF,3.73,4.39,200
KSNS,3.99,3.88,200
KSAS,1000,1000,200
KSBD,3.79,3.23,200
KSQL,3.95,2.95,200
KMYF,4.69,3.59,200
KSDM,3.35,2.99,200
KSAN,4.69,3.99,200
KSEE,4.45,3.49,200
KSFO,6.49,4.33,200
KSJC,5.77,6.50,200
KRHV,4.29,3.39,200
E16,4.60,4.79,200
KSNA,4.45,3.23,200
KSBA,3.93,5.66,200
KSMX,4.12,4.06,200
KSMO,5.14,4.86,200
KSZP,1000,1000,200
KSTS,4.64,3.93,200
KIZA,3.95,3.49,200
0Q3,1000,1000,200
KMIT,5.09,3.90,200
0Q5,1000,1000,200
L61,1000,1000,200
O79,1000,1000,200
0Q9,1000,1000,200
KTVL,5.99,4.99,200
KSCK,5.52,5.08,200
1Q1,1000,1000,200
KSVE,4.18,4.78,200
L17,4.74,3.40,200
KTSP,3.60,2.58,200
L94,1000,1000,200
KTOA,1000,1000,200
KTCY,3.60,2.99,200
1Q4,1000,1000,200
O86,1000,1000,200
L72,1000,1000,200
KTRK,4.06,3.90,200
O81,1000,1000,200
O15,1000,1000,200
KTNP,1000,1000,200
KUKI,4.85,5.00,200
KCCB,3.39,2.46,200
1Q5,1000,1000,200
KVCB,3.50,4.05,200
KVCV,5.08,4.01,200
KVIS,4.35,4.25,200
D86,1000,1000,200
L19,1000,1000,200
KWVI,3.50,3.50,200
O54,1000,1000,200
O46,5.29,4.69,200
O28,1000,1000,200
KWLW,1000,1000,200
O41,4.70,3.61,200
O52,1000,1000,200
L22,1000,1000,200
KAKO,4.69,3.79,200
KALS,4.25,4.18,200
KASE,4.42,3.74,200
05V,1000,1000,200
KBDU,3.79,3.89,200
7V5,1000,1000,200
KITR,4.35,3.40,200
5V4,1000,1000,200
1V6,3.95,3.45,200
1V8,1000,1000,200
KCOS,4.59,3.73,200
KFLY,1000,1000,200
KCEZ,5.70,4.95,200
KCAG,5.00,4.00,200
99V,1000,1000,200
KRCV,1000,1000,200
KAJZ,4.15,3.35,200
D17,1000,1000,200
KAPA,4.42,3.74,200
KBJC,3.99,3.74,200
KDEN,7.00,6.31,200
KCFO,4.50,4.44,200
8V6,1000,1000,200
KDRO,5.98,6.25,200
9V7,1000,1000,200
KEGE,4.42,3.74,200
CO4,1000,1000,200
KEIK,3.80,3.23,200
KFNL,4.45,3.66,200
KFMM,1000,3.65,200
KGWS,4.00,4.98,200
KGJT,4.20,4.50,200
KGXY,3.80,3.66,200
11V,1000,1000,200
KGUC,5.70,6.25,200
17V,1000,1000,200
KHDN,5.30,5.95,200
K08,1000,1000,200
KHEQ,1000,3.95,200
18V,1000,1000,200
20V,3.94,3.30,200
KLHX,4.45,3.90,200
07V,1000,1000,200
KLAA,4.60,3.99,200
7V9,1000,1000,200
KLXV,1000,1000,200
KLIC,1000,1000,200
KLMO,1000,1000,200
KEEO,5.03,5.03,200
KMTJ,4.81,6.29,200
KAIB,1000,1000,200
KPSO,4.85,5.80,200
7V2,1000,1000,200
KPUB,4.99,3.79,200
4V0,1000,1000,200
KRIL,4.50,6.55,200
KANK,4.75,4.62,200
8V7,1000,1000,200
KSBS,4.48,3.99,200
KSTK,4.50,3.51,200
KTEX,4.81,6.29,200
KTAD,3.50,3.60,200
33V,1000,1000,200
4V1,3.34,2.56,200
C08,1000,1000,200
2V6,1000,1000,200
KBDR,5.40,3.65,200
KSNC,1000,1000,200
KDXR,4.51,2.80,200
KLZD,1000,1000,200
42B,1000,1000,200
7B9,1000,1000,200
KGON,5.10,4.47,200
KHFD,4.99,4.97,200
KMMK,1000,1000,200
KHVN,5.92,5.80,200
11N,1000,1000,200
KOXC,6.41,5.70,200
4B8,4.75,4.70,200
C44,1000,1000,200
4B9,1000,1000,200
7B6,1000,1000,200
N41,1000,1000,200
KBDL,4.99,4.97,200
KHEF,5.35,4.25,200
KIAD,6.00,5.39,200
KDCA,1000,1000,200
KDOV,1000,1000,200
0N4,1000,1000,200
33N,1000,1000,200
D74,1000,1000,200
0N6,1000,1000,200
KGED,4.28,4.15,200
KEVY,4.91,4.99,200
38N,1000,1000,200
KILG,5.59,5.25,200
15N,1000,1000,200
KAAF,4.79,4.89,200
F47,1000,1000,200
X04,3.40,2.53,200
0J8,1000,1000,200
KAVO,3.68,4.85,200
KBOW,2.95,4.02,200
X10,1000,1000,200
F95,3.95,3.60,200
KBCT,5.49,4.12,200
1J0,3.74,3.60,200
KBKV,2.99,3.99,200
X05,1000,1000,200
KCDK,1000,1000,200
KCLW,4.55,3.99,200
2IS,3.31,2.50,200
KCEW,4.25,3.95,200
KCTY,1000,1000,200
KCGC,5.20,5.05,200
KDAB,4.03,4.82,200
54J,4.25,3.90,200
KDED,1000,1000,200
KDTS,4.25,3.95,200
X35,3.05,2.05,200
X36,1000,1000,200
X55,1000,1000,200
X01,1000,1000,200
KFHB,4.22,2.42,200
KFXE,5.48,2.79,200
KFLL,4.09,2.29,200
KFMY,2.78,3.24,200
KFPR,4.15,3.65,200
KGNV,3.71,4.07,200
6J8,1000,1000,200
01J,1000,1000,200
KHWO,4.24,3.75,200
X51,4.15,4.05,200
KIMM,2.78,2.35,200
X58,1000,1000,200
KINF,3.89,3.79,200
KCRG,4.20,2.37,200
KVQQ,4.22,2.42,200
KHEG,3.41,2.42,200
KEYW,6.92,6.00,200
42J,2.76,2.08,200
X14,1000,1000,200
KLCQ,3.13,3.50,200
X07,3.30,3.70,200
X25,1000,1000,200
X49,1000,1000,200
KLEE,3.94,3.95,200
24J,1000,1000,200
KMTH,1000,1000,200
KMKY,2.91,3.69,200
KMAI,3.74,3.12,200
KMLB,5.07,4.63,200
KCOI,4.20,4.64,200
KOPF,4.09,2.29,200
KTMB,4.75,4.24,200
KTNT,1000,1000,200
2R4,4.10,3.95,200
KAPF,2.71,3.24,200
1J9,1000,1000,200
KEVB,5.02,5.18,200
X50,3.30,2.39,200
KOCF,4.27,5.32,200
KOBE,5.20,5.49,200
KISM,4.31,4.41,200
KSFB,4.72,4.43,200
KMCO,6.48,5.80,200
KOMN,4.14,4.45,200
KPHK,5.69,5.76,200
28J,2.78,2.64,200
KFIN,2.78,2.61,200
2J0,1000,1000,200
KECP,4.25,3.90,200
KPNS,4.25,3.95,200
82J,3.80,3.20,200
KFPY,3.47,2.48,200
2J8,1000,1000,200
KPCM,4.90,4.40,200
KPMP,3.89,3.49,200
A51,1000,1000,200
F13,1000,1000,200
2J9,1000,1000,200
2RR,1000,1000,200
KSRQ,5.92,5.60,200
X26,1000,1000,200
KSEF,1000,1000,200
KSGJ,4.22,2.42,200
KSPG,3.99,4.32,200
KPIE,5.29,5.14,200
KTLH,4.44,5.39,200
KTPA,5.28,5.20,200
KVDF,3.29,4.88,200
KTPF,5.64,5.44,200
X39,1000,1000,200
KTIX,3.75,4.20,200
X21,5.70,5.70,200
X23,1000,1000,200
KVPS,1000,1000,200
KVNC,4.08,4.08,200
KVRB,3.75,3.01,200
X52,1000,1000,200
KCHN,1000,1000,200
KPBI,4.96,0.00,200
F45,4.75,6.31,200
KLNA,5.21,4.95,200
X60,3.01,2.26,200
X61,1000,1000,200
KZPH,3.05,2.75,200
15J,4.00,4.00,200
KABY,3.70,3.05,200
KAMG,3.90,3.70,200
KACJ,3.85,3.30,200
75J,1000,1000,200
KAHN,4.23,4.50,200
KATL,7.99,7.11,200
KRYY,5.42,4.41,200
KFTY,5.42,4.41,200
KFFC,3.43,3.68,200
KCCO,2.89,2.89,200
KCVC,3.69,3.34,200
KPUJ,4.54,3.44,200
KAGS,4.10,3.40,200
KDNL,3.89,3.25,200
KBGE,4.14,3.99,200
KDZJ,3.94,1000,200
KBIJ,3.74,3.90,200
KBQK,4.00,3.65,200
82A,1000,1000,200
6A1,1000,1000,200
70J,1000,1000,200
KCZL,1000,1000,200
KCXU,3.95,3.90,200
18A,3.99,3.49,200
KCTJ,1000,1000,200
KVPC,4.95,3.25,200
4A4,3.65,3.20,200
KCWV,1000,1000,200
48A,1000,1000,200
KCSG,4.03,4.65,200
KCKF,4.57,2.65,200
25J,1000,1000,200
9A0,1000,1000,200
KDNN,3.99,3.49,200
16J,1000,1000,200
17J,1000,1000,200
KDQH,4.25,3.80,200
KDBN,4.25,4.00,200
KEZM,1000,4.19,200
KEBA,1000,1000,200
KFZG,4.52,4.40,200
3J6,1000,1000,200
KLHW,3.98,4.50,200
KGVL,4.49,3.99,200
3J7,1000,1000,200
6A2,3.40,3.20,200
KHMP,2.90,2.90,200
51A,1000,1000,200
KAZE,3.95,1000,200
KJZP,3.19,2.94,200
KJCA,3.99,2.99,200
09J,1000,1000,200
KJES,3.50,3.75,200
9A5,1000,1000,200
KLGC,3.95,3.32,200
KLZU,4.45,2.95,200
KMCN,3.12,3.20,200
KMAC,4.50,4.00,200
52A,1000,1000,200
KMQW,3.55,3.40,200
KMHP,4.50,3.50,200
KMLJ,5.50,5.30,200
2J5,3.99,3.49,200
D73,1000,1000,200
53A,1000,1000,200
KMUL,1000,1000,200
4J1,1000,1000,200
4J2,1000,1000,200
KPXE,3.12,3.20,200
KPIM,3.59,2.99,200
4J5,1000,1000,200
KRVJ,4.45,3.90,200
KRMG,4.11,2.50,200
KOKZ,4.50,4.50,200
4J8,1000,1000,200
KSSI,4.60,3.75,200
KTBR,4.05,2.89,200
KSBO,4.25,4.20,200
KJYL,1000,1000,200
KSYV,1000,1000,200
KOPN,2.90,3.20,200
KHQU,4.11,3.83,200
KTMA,4.55,4.45,200
KTOC,4.65,4.00,200
KVLD,4.23,4.89,200
KVDI,1000,3.13,200
5A9,1000,1000,200
5A2,1000,1000,200
KIIY,4.01,4.20,200
KAYS,3.17,2.40,200
GA2,1000,1000,200
KWDR,3.49,3.19,200
65J,1000,1000,200
PHHN,1000,1000,200
PHPA,1000,1000,200
PHUP,1000,1000,200
PHTO,6.63,3.52,200
PHNL,6.34,3.29,200
PHOG,6.56,3.52,200
PHLU,1000,1000,200
PHMU,1000,1000,200
PHJR,6.88,5.05,200
PHMK,1000,1000,200
PHNY,1000,1000,200
PHLI,6.59,3.56,200
PHDH,1000,1000,200
U36,1000,1000,200
U01,1000,1000,200
55H,1000,1000,200
U45,1000,1000,200
52U,1000,1000,200
U37,1000,1000,200
U46,1000,1000,200
U48,1000,1000,200
U51,1000,1000,200
U60,1000,1000,200
I08,1000,1000,200
U02,1000,1000,200
KBOI,4.25,4.49,200
65S,3.59,2.99,200
U03,4.59,1000,200
KBYI,4.70,4.70,200
KEUL,4.40,4.10,200
U65,1000,1000,200
U70,1000,4.50,200
C64,1000,1000,200
KLLJ,5.12,4.40,200
U72,1000,1000,200
C53,1000,1000,200
D47,1000,1000,200
ID8,1000,1000,200
U79,1000,1000,200
KCOE,4.79,4.45,200
U81,1000,1000,200
66S,1000,1000,200
S84,1000,1000,200
U82,1000,1000,200
S89,1000,1000,200
A05,1000,1000,200
C48,1000,1000,200
U58,1000,1000,200
KDIJ,4.85,3.95,200
U41,1000,1000,200
S90,1000,1000,200
S78,1000,1000,200
U86,1000,1000,200
S92,1000,1000,200
U88,1000,1000,200
U89,1000,1000,200
KGIC,5.40,5.25,200
U91,1000,1000,200
KSUN,4.30,4.20,200
U93,1000,1000,200
U94,1000,1000,200
S66,1000,1000,200
U97,1000,1000,200
U98,1000,1000,200
S81,1000,1000,200
U53,1000,1000,200
KJER,4.30,4.20,200
S73,1000,1000,200
S83,1000,1000,200
U61,1000,1000,200
U99,1000,1000,200
S82,1000,1000,200
0U0,1000,1000,200
KLWS,3.45,3.37,200
0U1,1000,1000,200
1DA,1000,1000,200
U62,1000,1000,200
0U2,1000,1000,200
0U3,1000,1000,200
KMLD,1000,1000,200
KMYL,5.35,5.49,200
24K,1000,1000,200
0U9,1000,1000,200
1U0,1000,1000,200
U92,1000,1000,200
1U1,1000,1000,200
U76,4.17,3.50,200
1U2,1000,1000,200
1U3,1000,1000,200
1U4,1000,1000,200
0S5,1000,1000,200
67S,1000,1000,200
1U6,1000,1000,200
S68,1000,1000,200
75C,1000,1000,200
1U7,1000,1000,200
S75,4.50,3.97,200
1U9,1000,1000,200
KPIH,5.25,4.44,200
1S1,1000,1000,200
2U0,1000,1000,200
U10,1000,1000,200
1S6,1000,1000,200
KRXE,4.20,3.70,200
U56,1000,1000,200
KSMN,4.68,3.86,200
KSZT,3.89,4.49,200
2U5,1000,1000,200
1S7,1000,1000,200
U87,1000,1000,200
U78,1000,1000,200
85U,1000,1000,200
U12,1000,1000,200
2U7,1000,1000,200
U63,1000,1000,200
2U8,1000,1000,200
0ID,1000,1000,200
3U0,1000,1000,200
KTWF,4.30,4.18,200
3U1,1000,1000,200
S87,1000,1000,200
I92,1000,1000,200
C00,1000,1000,200
KALN,4.70,4.32,200
K06,1000,1000,200
KBLV,4.53,2.33,200
H96,1000,1000,200
KBMI,5.45,3.34,200
1C5,3.81,3.65,200
KCIR,1000,1000,200
KCTK,1000,1000,200
KMDH,4.65,4.15,200
KCUL,4.55,2.95,200
1H8,1000,1000,200
KENL,5.17,3.83,200
KCMI,4.85,3.79,200
KORD,4.80,2.85,200
KMDW,4.80,2.85,200
KARR,4.75,3.94,200
3CK,3.79,2.55,200
KPWK,4.80,2.85,200
KRFD,5.10,4.80,200
KLOT,3.60,3.70,200
06C,5.47,5.69,200
KUGN,4.75,5.19,200
KDPA,4.46,4.33,200
C82,1000,1000,200
KDNV,4.07,3.90,200
KDKB,3.10,2.70,200
KDEC,5.74,4.79,200
C73,1000,1000,200
KDTG,1000,1000,200
1H2,4.92,3.83,200
KFWC,4.75,3.75,200
KFOA,5.00,4.00,200
C86,1000,1000,200
KGBG,3.99,3.49,200
3G8,1000,1000,200
C81,1000,1000,200
KGRE,1000,1000,200
10C,1000,1000,200
KHSB,4.55,3.80,200
0C0,1000,1000,200
H07,1000,1000,200
0C2,1000,1000,200
KIJX,1000,1000,200
KJOT,1000,1000,200
KIKK,4.79,3.95,200
3KK,1000,1000,200
KEZI,1000,1000,200
C75,1000,1000,200
KAAA,1000,1000,200
3LF,1000,1000,200
KMQB,4.91,2.66,200
KMWA,4.61,3.48,200
KMTO,4.79,4.69,200
M30,1000,1000,200
KMLI,3.99,2.99,200
C56,4.35,3.90,200
C66,1000,1000,200
KAJG,1000,1000,200
C55,1000,1000,200
I63,4.88,2.86,200
KMVN,4.94,2.39,200
0C8,1000,1000,200
KOLY,4.00,2.75,200
8N2,1000,1000,200
5K1,1000,1000,200
1C1,3.75,3.16,200
C15,1000,1000,200
KPIA,5.65,4.20,200
3MY,1000,1000,200
KVYS,4.30,2.55,200
KPJY,1000,1000,200
KPPQ,5.05,4.44,200
KPNT,3.61,3.21,200
KUIN,4.99,5.09,200
KTIP,4.85,3.85,200
KRSV,4.25,4.15,200
KRPJ,1000,1000,200
1C8,1000,1000,200
5K4,1000,1000,200
KSLO,1000,1000,200
KSFY,4.69,3.99,200
2H0,1000,1000,200
KSPI,5.75,5.12,200
KSQI,3.88,3.99,200
KTAZ,1000,1000,200
K96,1000,1000,200
C16,5.20,4.09,200
KVLA,3.95,3.45,200
2T2,1000,1000,200
2C6,1000,1000,200
KAID,1000,1000,200
KANQ,3.90,2.90,200
KGWB,4.55,3.75,200
KHLB,1000,1000,200
KBFR,1000,1000,200
1I3,1000,1000,200
KBMG,4.70,4.00,200
C40,1000,1000,200
I91,1000,1000,200
KBAK,5.45,3.62,200
KCEV,4.80,3.65,200
1I8,1000,1000,200
KCFJ,1000,1000,200
1I9,1000,1000,200
KEKM,4.00,3.89,200
3C1,1000,1000,200
78I,1000,1000,200
KEVV,5.40,5.40,200
5I2,1000,1000,200
KFWA,5.00,4.25,200
KSMD,4.50,2.80,200
KFKR,4.50,3.60,200
3FK,1000,1000,200
KFRH,4.00,3.80,200
5I6,1000,1000,200
KGSH,3.79,3.35,200
KGPC,4.50,4.00,200
KGFD,1000,1000,200
I34,4.49,3.45,200
05C,1000,1000,200
I61,1000,1000,200
64I,1000,1000,200
3HO,1000,1000,200
KHNB,4.11,3.96,200
KIND,3.60,2.90,200
KTYQ,4.55,4.65,200
KMQJ,4.55,4.29,200
KEYE,4.55,4.30,200
KUMP,4.61,4.38,200
KHFY,3.60,2.90,200
2R2,4.00,3.50,200
7L8,1000,1000,200
KJVY,5.75,5.15,200
50I,3.52,2.78,200
KOXI,1000,1000,200
KOKK,4.41,2.18,200
8I3,1000,1000,200
KPPO,1000,1000,200
KLAF,4.45,3.55,200
C98,1000,1000,200
KGGP,1000,1000,200
C97,1000,1000,200
KIMS,3.80,3.65,200
KMZZ,4.25,3.00,200
C92,1000,1000,200
KMGC,1000,1000,200
KMCX,1000,1000,200
KMIE,4.46,3.57,200
7I2,5.65,5.13,200
KUWL,4.70,3.70,200
I80,1000,1000,200
KOVO,1000,1000,200
I20,1000,1000,200
7I4,1000,1000,200
I42,1000,1000,200
KGUS,4.50,3.30,200
I76,1000,1000,200
C65,1000,1000,200
KRZL,3.26,2.93,200
KRID,4.43,3.79,200
KRCR,3.95,1.99,200
I83,1000,1000,200
3R8,1000,1000,200
KSER,3.85,2.50,200
KGEZ,1000,4.89,200
KSBN,3.99,3.95,200
KSIV,4.42,3.64,200
KTEL,3.55,2.55,200
KHUF,4.46,3.83,200
3I3,1000,1000,200
KVPZ,4.44,3.39,200
8I1,1000,1000,200
KIWH,4.02,2.50,200
KASW,3.68,3.77,200
4C2,1000,1000,200
I72,1000,1000,200
KRWN,3.81,2.93,200
I22,4.55,3.66,200
4C7,1000,1000,200
4C8,1000,1000,200
KAXA,1000,1000,200
C11,1000,1000,200
KAMW,3.75,3.00,200
Y43,1000,1000,200
KIKV,4.60,4.59,200
KAIO,3.03,1.86,200
KADU,4.39,3.49,200
Y46,1000,1000,200
KTZT,1000,1000,200
Y48,1000,1000,200
KBNW,1000,1000,200
KBRL,3.89,3.49,200
KCIN,4.00,3.00,200
KCID,3.89,2.99,200
KTVK,1000,1000,200
KCNC,1000,1000,200
KCCY,3.85,3.80,200
KCKP,1000,1000,200
KICL,1000,1000,200
KCWI,3.60,3.70,200
KCRZ,1000,1000,200
0E9,1000,1000,200
KCBF,3.65,2.79,200
KCJJ,1000,1000,200
KCSQ,1000,1000,200
KDVN,3.67,4.00,200
KDNS,3.53,1000,200
KDSM,3.75,3.00,200
KDBQ,4.19,3.72,200
IA8,1000,1000,200
KEAG,1000,1000,200
27P,1000,1000,200
I27,1000,1000,200
KEGQ,1000,1000,200
KEST,1000,1000,200
KFXY,1000,4.35,200
KFOD,3.65,3.25,200
KFSW,1000,1000,200
KGFZ,1000,1000,200
KGGI,4.00,3.50,200
6K7,1000,1000,200
KGCT,1000,1000,200
KHPT,4.29,3.52,200
0K7,1000,1000,200
KIDG,1000,1000,200
KIIB,4.40,3.68,200
6Z6,1000,1000,200
KIOW,3.89,2.99,200
KIFA,4.49,3.39,200
KEFW,1000,1000,200
KEOK,1000,1000,200
KOXV,3.75,3.45,200
0Y6,1000,1000,200
KLWD,1000,1000,200
2VA,1000,1000,200
KLRJ,4.60,3.40,200
C27,1000,1000,200
KMEY,1000,1000,200
KOQW,1000,1000,200
C17,1000,1000,200
KMCW,3.85,3.80,200
KSXK,1000,1000,200
4D8,1000,1000,200
7C3,1000,1000,200
7C5,1000,1000,200
KMXO,1000,1000,200
1Y3,1000,1000,200
KMPZ,5.35,4.10,200
1Y5,1000,1000,200
KTNU,4.95,4.59,200
5D2,1000,1000,200
KOLZ,5.05,3.85,200
D02,1000,1000,200
I75,1000,1000,200
KOOA,3.75,4.50,200
KOTM,3.60,2.98,200
1Y9,1000,1000,200
KPRO,4.10,3.40,200
KPOH,1000,1000,200
2Y0,1000,1000,200
2Y1,1000,1000,200
KRDK,1000,1000,200
8Y8,1000,1000,200
KRRQ,1000,1000,200
KSKI,1000,1000,200
KSHL,3.63,3.93,200
KSDA,1000,1000,200
KISB,1000,1000,200
KSUX,5.79,5.19,200
KSPW,3.60,3.30,200
0F3,1000,1000,200
KSLB,1000,1000,200
8C2,1000,1000,200
8C5,1000,1000,200
8C6,1000,1000,200
KVTI,1000,1000,200
KAWG,3.31,2.99,200
KALO,3.99,3.99,200
Y01,1000,1000,200
C25,1000,1000,200
KEBS,4.50,3.20,200
3Y2,4.70,3.50,200
3Y4,1000,1000,200
K78,4.93,4.20,200
KANY,1000,1000,200
2K8,1000,1000,200
K58,1000,1000,200
K59,4.96,4.25,200
KADT,1000,1000,200
K64,1000,1000,200
07S,1000,1000,200
KRPB,1000,1000,200
K61,1000,1000,200
1K1,3.60,3.99,200
5K0,1000,1000,200
8K0,1000,1000,200
KUKL,4.13,3.31,200
01K,1000,1000,200
8K8,1000,1000,200
KCYW,1000,1000,200
KCFV,3.96,3.90,200
KCBK,4.38,2.90,200
3K8,1000,1000,200
KCNK,4.39,3.60,200
9K0,1000,1000,200
K63,1000,1000,200
K65,1000,1000,200
KEQA,1000,1000,200
9K6,1000,1000,200
KEHA,1000,1000,200
1K6,1000,1000,200
9K7,1000,1000,200
KEMP,1000,1000,200
13K,1000,1000,200
KFSK,1000,1000,200
18K,1000,1000,200
1K7,1000,1000,200
KGCK,3.85,2.80,200
K34,4.65,3.40,200
K68,1000,1000,200
KGLD,3.86,2.89,200
KGBD,1000,1000,200
9KS,1000,1000,200
KHYS,4.24,2.85,200
KHRU,1000,1000,200
K87,1000,1000,200
KHLC,1000,1000,200
M66,1000,1000,200
K91,1000,1000,200
1F5,1000,1000,200
KHQG,3.95,2.96,200
KIDP,4.34,4.17,200
30K,1000,1000,200
K88,1000,1000,200
K79,1000,1000,200
KJHN,4.90,3.95,200
3JC,1000,1000,200
9K8,1000,1000,200
33K,1000,1000,200
K94,1000,1000,200
36K,1000,1000,200
KLQR,1000,1000,200
KLWC,5.25,4.95,200
3K7,1000,1000,200
KLBL,3.95,2.96,200
K71,5.00,4.00,200
38K,1000,1000,200
39K,1000,1000,200
KMHK,3.59,2.69,200
KTKO,1000,1000,200
43K,1000,1000,200
KMYZ,1000,1000,200
KMPR,1000,1000,200
KMEJ,1000,1000,200
K51,1000,1000,200
45K,1000,1000,200
K17,1000,1000,200
47K,4.19,1.95,200
2K7,1000,1000,200
48K,1000,1000,200
KEWK,1000,1000,200
KNRN,4.50,3.60,200
49K,1000,1000,200
KOEL,4.69,3.79,200
KIXD,4.50,2.83,200
KOJC,5.25,4.50,200
51K,1000,1000,200
52K,1000,1000,200
53K,1000,1000,200
K75,1000,1000,200
K67,1000,1000,200
KOWI,3.69,3.35,200
K81,1000,1000,200
KPPF,4.39,4.38,200
KPHG,1000,3.54,200
KPTS,3.24,2.95,200
1KS,1000,1000,200
0P1,1000,1000,200
KPTT,3.77,3.73,200
1QK,1000,1000,200
K50,3.79,2.39,200
K83,1000,1000,200
KSLN,4.75,3.20,200
1K9,1000,1000,200
KTQK,3.72,2.42,200
61K,1000,1000,200
62K,1000,1000,200
K82,1000,1000,200
KSYF,1000,1000,200
63K,1000,1000,200
KRCP,3.89,2.79,200
19S,1000,1000,200
3K3,1000,1000,200
KFOE,5.44,3.78,200
KTOP,3.98,3.19,200
5K2,1000,1000,200
KULS,4.00,3.00,200
69K,1000,1000,200
K38,1000,1000,200
KEGT,1000,3.10,200
KICT,3.98,4.25,200
KAAO,3.75,2.84,200
KCEA,1000,1000,200
KBEC,1000,1000,200
71K,1000,1000,200
72K,1000,1000,200
KDWU,4.30,3.99,200
KBRY,3.79,4.82,200
KBWG,4.15,3.99,200
1M9,1000,1000,200
M34,1000,1000,200
KAAS,4.50,3.75,200
I96,1000,1000,200
KCVG,4.50,3.84,200
0I8,1000,1000,200
8M7,1000,1000,200
KEKX,4.40,4.25,200
2I3,1000,1000,200
K62,1000,1000,200
KFGX,3.69,2.99,200
KFFT,3.99,3.64,200
1M7,1000,1000,200
KGLW,4.65,4.25,200
M21,3.95,3.27,200
I93,1000,1000,200
I35,3.99,2.99,200
KJQD,1000,1000,200
KCPF,5.77,4.98,200
KEHR,5.10,4.98,200
KHVC,3.13,2.77,200
KJKL,1000,1000,200
M20,1000,1000,200
KY8,3.70,3.75,200
KLEX,4.87,5.07,200
KLOZ,4.05,3.50,200
KSDF,5.20,4.75,200
KLOU,5.20,4.75,200
2I0,3.84,3.58,200
5M9,3.49,1000,200
M25,4.40,3.00,200
KEKQ,1000,1000,200
KSYM,3.74,3.50,200
KIOB,3.74,3.16,200
KCEY,3.50,3.00,200
KOWB,4.75,5.40,200
KPAH,4.60,3.40,200
KPBX,4.00,2.90,200
KSJS,3.99,2.89,200
2M0,1000,1000,200
8M9,1000,1000,200
KRGA,4.19,3.19,200
4M7,1000,1000,200
KSME,3.55,2.80,200
6I2,3.75,3.25,200
I50,1000,1000,200
KTWT,4.07,3.64,200
9I3,1000,1000,200
KBYL,1000,1000,200
KIYA,4.48,3.96,200
KAEX,3.15,3.75,200
KESF,3.15,3.76,200
5F0,1000,1000,200
KBQP,1000,1000,200
KBTR,5.07,4.99,200
KBXA,4.69,4.69,200
F86,1000,1000,200
0R7,1000,1000,200
L31,1000,1000,200
3R2,1000,1000,200
5R8,1000,1000,200
KDRI,3.50,4.21,200
0M9,1000,1000,200
F87,1000,1000,200
2R7,1000,1000,200
KGAO,3.03,3.08,200
KREG,3.28,3.49,200
KHDC,3.80,3.12,200
5F4,1000,1000,200
KHUM,4.52,4.52,200
LA3,1000,1000,200
2R1,1000,1000,200
3R7,4.00,4.60,200
F88,1000,1000,200
L32,4.00,4.00,200
5F5,1000,1000,200
KLFT,4.50,5.87,200
KCWF,2.99,3.75,200
KLCH,3.04,3.73,200
0M8,1000,1000,200
L39,3.59,2.99,200
3R4,1000,1000,200
KMKV,1000,1000,200
KMNE,3.35,2.89,200
KMLU,4.25,4.70,200
KIER,3.69,3.59,200
KARA,5.82,5.47,200
KNEW,5.64,4.45,200
KHZR,1000,1000,200
9M6,3.50,3.25,200
KACP,1000,1000,200
L47,1000,1000,200
KOPL,1000,1000,200
KPTN,4.93,4.04,200
2L0,4.52,3.50,200
L66,1000,1000,200
M79,1000,1000,200
KRSN,4.47,2.64,200
KSHV,6.11,4.88,200
KDTN,3.64,2.86,200
KASD,4.44,4.49,200
KSPH,1000,1000,200
L33,1000,1000,200
KUXL,3.25,3.00,200
KTVR,4.35,4.10,200
M80,1000,1000,200
0R4,1000,1000,200
3F4,1000,1000,200
6R1,1000,1000,200
0R5,1000,1000,200
F89,1000,1000,200
1R4,1000,1000,200
KLEW,4.44,3.98,200
KBGR,3.07,2.77,200
KBHB,5.33,4.23,200
KBST,1000,1000,200
0B1,1000,1000,200
B19,1000,1000,200
08B,1000,1000,200
0B2,1000,1000,200
KBXM,5.69,4.89,200
KCAR,1000,1000,200
ME2,1000,1000,200
43B,1000,1000,200
1B0,4.25,3.85,200
3S2,1000,1000,200
44B,1000,1000,200
KEPM,4.45,4.72,200
3B4,1000,1000,200
KFVE,5.29,4.29,200
3B1,1000,1000,200
KHUL,4.75,3.75,200
57B,1000,1000,200
59B,1000,1000,200
PG1,1000,1000,200
63B,1000,1000,200
KLRG,1000,1000,200
B10,1000,1000,200
KMVM,1000,1000,200
66B,1000,1000,200
KMLT,1000,3.90,200
KOWK,3.99,2.69,200
KOLD,4.74,3.90,200
81B,1000,1000,200
2B7,4.27,3.96,200
KPWM,4.82,3.47,200
KPNN,1000,1000,200
8B0,5.50,4.95,200
KRKD,5.60,4.30,200
98M,1000,1000,200
KSFM,1000,1000,200
93B,1000,1000,200
ME5,1000,1000,200
3B5,4.05,3.15,200
ME6,1000,1000,200
KIWI,4.54,4.50,200
KANP,1000,1000,200
KMTN,3.69,3.74,200
KBWI,3.07,3.78,200
W48,1000,1000,200
W00,1000,1000,200
KCGE,4.62,3.02,200
0W3,1000,1000,200
KCGS,1000,3.85,200
W41,1000,1000,200
KCBE,4.65,3.60,200
1W3,1000,1000,200
KESN,4.50,3.10,200
58M,1000,1000,200
W42,1000,1000,200
KFME,3.95,3.10,200
KFDK,5.15,5.41,200
KGAI,5.40,5.40,200
KHGR,5.20,6.12,200
2W5,5.30,5.20,200
W50,1000,1000,200
2W6,1000,1000,200
MD1,1000,1000,200
2G4,5.10,4.25,200
KOXB,5.00,4.15,200
KSBY,5.18,3.48,200
1N5,1000,1000,200
W29,1000,1000,200
3W3,1000,1000,200
KDMW,4.11,4.86,200
2W2,1000,1000,200
8B5,1000,1000,200
KBED,4.45,4.25,200
1M8,1000,1000,200
KBOS,4.45,4.25,200
KCQX,1000,4.54,200
1B2,1000,1000,200
5B6,4.33,7.33,200
KFIT,4.80,3.98,200
KGDM,1000,1000,200
KGBR,1000,1000,200
28M,1000,1000,200
KHYA,5.95,3.50,200
KLWM,4.99,3.90,200
1B9,1000,1000,200
KGHG,4.44,3.34,200
2B1,1000,1000,200
0B5,1000,1000,200
KACK,5.28,4.29,200
KEWB,5.40,4.25,200
2B2,1000,1000,200
7B2,1000,1000,200
KOWD,4.57,4.12,200
KORE,1000,4.70,200
KPSF,1000,3.63,200
KPYM,4.39,3.74,200
KPVC,1000,1000,200
3B0,1000,1000,200
60M,1000,1000,200
3B3,1000,1000,200
6B6,1000,1000,200
KTAN,1000,1000,200
KMVY,5.74,4.46,200
KBAF,4.75,5.35,200
KORH,5.50,6.36,200
KADG,4.99,3.89,200
35D,1000,1000,200
KAPN,5.25,5.03,200
KARB,4.24,2.74,200
Y93,1000,1000,200
39G,1000,1000,200
KBAX,3.85,2.60,200
E53,1000,1000,200
7D3,1000,1000,200
4M4,1000,1000,200
41G,1000,1000,200
3CM,1000,1000,200
KSJX,4.42,4.53,200
6Y8,1000,1000,200
KACB,4.75,5.02,200
43G,1000,1000,200
KBEH,3.99,4.50,200
C20,1000,1000,200
KRQB,4.50,4.00,200
44G,1000,1000,200
N98,1000,1000,200
KBFA,1000,1000,200
45G,1000,1000,200
6G8,1000,1000,200
KCAD,1000,1000,200
W87,1000,1000,200
KCFS,4.65,4.19,200
KCVX,4.42,4.53,200
49G,1000,1000,200
KSLH,5.00,4.00,200
2M7,1000,1000,200
50G,1000,1000,200
48D,1000,1000,200
MI1,1000,1000,200
7N4,1000,1000,200
51G,1000,1000,200
56M,1000,1000,200
55G,1000,1000,200
50D,1000,1000,200
KDTW,7.78,7.04,200
KYIP,5.00,4.45,200
KDET,4.50,6.99,200
KONZ,1000,1000,200
2E8,1000,1000,200
KDRM,1000,1000,200
29M,1000,1000,200
Y94,1000,1000,200
6D9,1000,1000,200
59M,1000,1000,200
60G,1000,1000,200
68R,1000,1000,200
2E2,1000,1000,200
Y87,1000,1000,200
9C8,1000,1000,200
KFNT,4.90,6.31,200
3DA,1000,1000,200
65G,1000,1000,200
66G,1000,1000,200
KFKS,1000,1000,200
KFFX,1000,1000,200
39Z,1000,1000,200
4Y4,1000,1000,200
KGDW,4.21,4.50,200
5M6,1000,1000,200
3GM,1000,1000,200
4D0,1000,1000,200
Y98,1000,1000,200
KGRR,6.19,6.19,200
KGOV,4.75,4.75,200
69G,1000,1000,200
H80,1000,1000,200
KCMX,1000,4.30,200
KMGN,5.65,5.45,200
4Y9,1000,1000,200
80D,1000,1000,200
5Y0,1000,1000,200
C04,1000,1000,200
9D9,1000,3.05,200
5Y1,1000,1000,200
Y95,1000,1000,200
KJYM,4.00,3.50,200
KBIV,4.99,4.79,200
KHLM,3.64,3.75,200
KHTL,1000,1000,200
5Y2,1000,1000,200
4Y1,1000,1000,200
Y65,1000,1000,200
Y88,1000,1000,200
Y70,1000,1000,200
KIMT,1000,3.99,200
Y73,1000,1000,200
KIWD,3.99,3.99,200
M61,1000,1000,200
KJXN,3.99,3.99,200
KAZO,4.10,3.80,200
4N0,1000,1000,200
Y89,1000,1000,200
24M,1000,1000,200
15W,1000,1000,200
Y91,1000,1000,200
D15,1000,1000,200
KDUH,1000,1000,200
KLAN,4.77,6.19,200
D95,4.60,3.78,200
8M8,1000,1000,200
7MI,1000,1000,200
3L7,1000,1000,200
9G2,1000,1000,200
24C,1000,1000,200
KLDM,4.33,3.03,200
KMCD,1000,1000,200
D90,1000,1000,200
75G,1000,1000,200
KMBL,4.06,3.98,200
KISQ,4.25,3.45,200
76G,1000,1000,200
77G,4.67,3.84,200
KSAW,5.00,4.58,200
KRMY,4.55,4.80,200
27C,1000,1000,200
0C5,1000,1000,200
KMNM,4.65,4.70,200
KIKW,4.29,1000,200
51M,1000,1000,200
KTTF,4.90,3.50,200
6Y0,1000,1000,200
5Y7,1000,1000,200
KMKG,4.99,4.79,200
3NP,1000,1000,200
6H4,1000,1000,200
26W,1000,1000,200
Y47,1000,1000,200
KERY,5.25,4.00,200
6Y5,1000,1000,200
3TR,3.99,2.98,200
5D5,1000,1000,200
33C,1000,1000,200
5N7,1000,1000,200
KOGM,1000,1000,200
KOSC,3.95,3.80,200
KRNP,1000,1000,200
2H4,1000,1000,200
2C5,1000,1000,200
88G,1000,1000,200
52I,1000,1000,200
61D,1000,1000,200
1D2,1000,1000,200
KPTK,3.10,1.50,200
29C,1000,1000,200
KPHN,5.00,4.60,200
M86,1000,1000,200
57D,1000,1000,200
6Y4,1000,1000,200
35C,1000,1000,200
KPZQ,1000,1000,200
D98,4.49,2.97,200
3RC,1000,1000,200
KMBS,5.67,6.34,200
KHYX,4.05,5.50,200
Y83,1000,1000,200
KANJ,1000,1000,200
KCIU,5.00,4.25,200
P97,1000,1000,200
98G,1000,1000,200
6Y9,1000,1000,200
KLWA,4.49,4.49,200
8D4,3.97,3.49,200
5Y5,1000,1000,200
83D,1000,1000,200
3S5,1000,1000,200
97G,1000,1000,200
39T,1000,1000,200
M99,1000,1000,200
38C,1000,1000,200
KIRS,3.99,3.38,200
3TE,1000,1000,200
22T,1000,1000,200
34G,1000,1000,200
7Y2,1000,1000,200
KHAI,4.15,3.30,200
Y30,1000,1000,200
KTVC,5.15,6.45,200
4M0,1000,1000,200
KVLL,5.40,4.00,200
41C,1000,1000,200
D11,1000,1000,200
Y31,4.15,3.50,200
3F5,1000,1000,200
42C,1000,1000,200
89Y,1000,1000,200
53W,1000,1000,200
4Y8,1000,1000,200
D20,1000,1000,200
Z98,1000,1000,200
D00,1000,1000,200
KAIT,3.79,4.69,200
KAEL,1000,1000,200
KAXN,3.85,3.95,200
KAQP,1000,1000,200
KAUM,1000,1000,200
7Y4,1000,1000,200
KBDE,4.79,5.10,200
KBJI,4.42,4.01,200
KBBB,3.25,3.23,200
7Y9,1000,1000,200
KFOZ,1000,1000,200
KSBU,4.25,3.25,200
9Y0,1000,1000,200
KBRD,4.39,4.27,200
KCFE,1000,1000,200
KCHU,1000,1000,200
KCBG,1000,1000,200
KCNB,4.55,3.75,200
8Y5,1000,1000,200
8Y6,1000,1000,200
KCOQ,1000,1000,200
KCKN,1000,1000,200
KDTL,4.25,4.25,200
KTOB,4.35,1000,200
KDLH,4.49,3.50,200
KDYT,1000,1000,200
9Y2,1000,1000,200
Y63,1000,1000,200
KELO,4.95,4.95,200
KEVM,3.90,3.25,200
KFBL,1000,1000,200
KFFM,3.99,3.99,200
D14,1000,1000,200
25D,1000,1000,200
KFSE,1000,1000,200
KGYL,1000,1000,200
KGHW,1000,1000,200
KCKC,4.94,4.35,200
KGPZ,4.89,4.35,200
3G2,1000,1000,200
KHCO,4.09,3.99,200
04Y,1000,1000,200
1D6,1000,1000,200
05Y,1000,1000,200
06Y,1000,1000,200
KHIB,3.99,3.43,200
04W,1000,1000,200
KHCD,4.50,4.25,200
KINL,6.98,5.50,200
KMJQ,4.50,4.22,200
23D,1000,1000,200
12Y,1000,1000,200
KLJF,2.94,4.10,200
KLXL,1000,1000,200
13Y,1000,1000,200
KXVG,1000,1000,200
KLYV,1000,3.54,200
KDXX,1000,1000,200
3N8,1000,1000,200
KMKT,4.38,4.33,200
KMGG,1000,1000,200
KMML,4.15,3.04,200
KHZX,3.74,3.79,200
18Y,1000,1000,200
KANE,4.14,4.25,200
KMSP,4.14,5.39,200
KMIC,1000,1000,200
KLVN,3.99,3.79,200
KMVE,1000,1000,200
KJKJ,4.00,2.70,200
KMZH,1000,1000,200
KJMR,4.12,3.62,200
5C3,1000,1000,200
KULM,1000,1000,200
43Y,1000,1000,200
KOVL,1000,1000,200
KORB,4.82,2.99,200
KVVV,4.00,1000,200
KOWA,3.84,3.59,200
KPKD,3.75,3.95,200
47Y,1000,1000,200
16D,1000,1000,200
KPWC,1000,1000,200
48Y,1000,1000,200
KPQN,3.95,3.85,200
KFKA,1000,1000,200
KPNM,1000,1000,200
D81,1000,1000,200
KRWF,1000,1000,200
52Y,1000,1000,200
KRST,4.93,6.30,200
KROX,4.95,4.85,200
KROS,4.19,3.39,200
55Y,1000,1000,200
D39,1000,1000,200
KDVP,1000,1000,200
Y58,1000,1000,200
D42,1000,1000,200
KSTC,5.19,4.99,200
KJYG,1000,1000,200
KSTP,5.55,5.70,200
21D,1000,1.99,200
KSYN,3.54,1000,200
KSAZ,1000,1000,200
D32,1000,1000,200
D41,1000,1000,200
12D,1000,1000,200
KTKC,1000,1000,200
KTWM,3.90,3.53,200
63Y,1000,1000,200
KADC,1000,1000,200
Y49,1000,1000,200
D37,1000,1000,200
KACQ,1000,3.39,200
KVWU,1000,1000,200
68Y,1000,1000,200
KETH,1000,1000,200
KBDH,1000,2.97,200
KMWM,4.50,3.45,200
KONA,5.03,4.04,200
10D,1000,1000,200
KOTG,1000,3.65,200
9M4,1000,1000,200
KPMU,1000,1000,200
00M,1000,1000,200
KHSA,4.75,3.75,200
01M,4.25,3.00,200
1M2,1000,1000,200
8M1,1000,1000,200
08M,1000,1000,200
09M,1000,1000,200
KCKM,4.75,2.99,200
KRNV,4.72,4.36,200
0R0,3.50,3.25,200
KUBS,1000,1000,200
KGTR,4.88,4.99,200
KCRX,3.50,2.73,200
C71,1000,1000,200
66Y,1000,1000,200
M37,1000,1000,200
06M,1000,1000,200
2M4,1000,1000,200
KGLH,4.88,4.89,200
KGWO,4.90,3.90,200
KGNF,4.40,3.90,200
KGPT,6.29,5.89,200
KPIB,4.50,3.70,200
H75,1000,1000,200
MS9,4.25,3.50,200
14M,1000,1000,200
M41,3.25,2.85,200
M44,1000,1000,200
KIDL,1000,1000,200
15M,1000,1000,200
KHKS,5.49,4.79,200
KOSX,1000,1000,200
KLUL,4.05,3.55,200
19M,1000,1000,200
KLMS,3.79,1000,200
4R1,1000,1000,200
20M,1000,1000,200
KMBO,3.70,3.45,200
KMMS,1000,1000,200
KMCB,3.70,3.40,200
KMEI,4.00,3.25,200
KHEZ,3.46,3.76,200
M72,1000,1000,200
M23,1000,1000,200
5R2,1000,1000,200
5A4,1000,1000,200
KOLV,2.99,3.40,200
KPQL,4.55,4.93,200
KMPE,4.85,3.80,200
KMJD,4.45,1000,200
04M,1000,1000,200
22M,1000,1000,200
M13,1000,1000,200
M43,1000,1000,200
23M,1000,1000,200
M59,1000,1000,200
25M,3.25,2.00,200
KSTF,3.75,3.30,200
M51,1000,1000,200
KUTA,3.79,3.65,200
30M,1000,1000,200
KTUP,3.85,4.10,200
T36,1000,1000,200
33M,1000,1000,200
2R0,1000,1000,200
M83,3.89,3.39,200
M24,1000,1000,200
5A6,1000,1000,200
87I,1000,1000,200
K19,1000,1000,200
2H2,1000,1000,200
KAOV,1000,1000,200
75K,1000,1000,200
H57,1000,1000,200
M17,1000,1000,200
1BT,1000,1000,200
KVER,3.40,3.50,200
H19,1000,1000,200
KBBG,4.49,4.29,200
KPLK,4.49,4.29,200
MO8,3.59,3.05,200
H17,1000,1000,200
KBUM,1000,1000,200
KTVB,1000,1000,200
KOZS,3.75,3.55,200
KEZZ,1000,1000,200
34M,1000,1000,200
KCGI,3.26,2.98,200
M05,1000,1000,200
94K,1000,1000,200
KCHQ,1000,1000,200
KCHT,1000,1000,200
KGLY,3.70,2.65,200
KCOU,5.18,2.82,200
KUBX,1000,1000,200
0C1,1000,1000,200
KDXE,3.95,3.00,200
87K,1000,1000,200
H79,3.70,3.42,200
3EX,1000,1000,200
KFAM,1000,2.75,200
KFES,1000,1000,200
KTBN,1000,2.89,200
H88,1000,1000,200
KFTT,1000,1000,200
H27,1000,1000,200
3GV,1000,1000,200
KHAE,4.00,3.75,200
KLRY,1000,1000,200
M28,1000,1000,200
63M,1000,1000,200
KHIG,1000,1000,200
37M,1000,1000,200
KJEF,3.95,3.34,200
KJLN,4.90,4.40,200
0H7,1000,1000,200
KAIZ,4.15,3.65,200
KMKC,4.50,3.55,200
KMCI,6.10,6.59,200
KTKX,2.72,3.50,200
KIRK,4.09,2.99,200
KLLU,4.25,3.75,200
KLXT,1000,1000,200
4K3,1000,1000,200
0N0,1000,1000,200
0R2,1000,1000,200
1H3,1000,1000,200
K89,1000,1000,200
KMAW,1000,3.90,200
03B,1000,1000,200
KMHL,4.00,3.25,200
78Y,1000,1000,200
03D,1000,1000,200
KMYJ,1000,1000,200
MO9,3.99,1000,200
KMBY,3.59,2.85,200
KHFJ,3.98,2.56,200
K52,1000,1000,200
KGPH,2.99,3.49,200
M71,1000,1000,200
2MO,1000,1000,200
1MO,1000,1000,200
KMNF,1000,1000,200
KEOS,2.92,3.50,200
KNVD,3.50,3.00,200
KEIW,1000,1000,200
K15,4.15,3.65,200
KPYN,1000,1000,200
KPOF,3.50,3.50,200
8WC,1000,1000,200
MO1,1000,1000,200
K07,1000,1000,200
KVIH,4.45,3.00,200
K33,1000,1000,200
KDMO,4.19,3.55,200
6K2,1000,1000,200
KSIK,4.65,3.50,200
KSGF,3.88,3.81,200
3DW,1000,1000,200
MO2,1000,1000,200
KSET,1000,1000,200
KSTJ,4.99,4.68,200
KSUS,3.65,3.59,200
1H0,1000,1000,200
M12,1000,1000,200
MO3,1000,1000,200
KUUV,3.80,3.00,200
K57,1000,1000,200
42M,1000,1000,200
KTRX,1000,1000,200
K43,1000,1000,200
MO5,1000,1000,200
KRCM,3.82,3.24,200
KRAW,1000,1000,200
KFYG,4.75,4.50,200
KUNO,1000,1000,200
1H5,1000,1000,200
3U3,5.15,3.45,200
3U4,1000,1000,200
3U7,1000,1000,200
49S,1000,1000,200
KBHK,4.25,3.95,200
3U8,1000,1000,200
6S0,5.00,4.50,200
53U,1000,1000,200
KBIL,3.75,3.95,200
3U9,1000,1000,200
6S1,1000,1000,200
00F,4.50,3.77,200
8S0,1000,1000,200
KBTM,5.15,3.45,200
KLTY,1000,1000,200
S71,1000,1000,200
KCII,4.45,4.30,200
4U6,1000,1000,200
RC0,1000,1000,200
6S3,1000,1000,200
S04,1000,1000,200
4U7,1000,1000,200
S01,1000,1000,200
S85,1000,1000,200
KCTB,4.26,3.23,200
38S,4.15,3.45,200
5U0,1000,1000,200
KDLN,5.98,4.40,200
M26,1000,1000,200
5U1,1000,1000,200
97M,1000,1000,200
KEKS,4.49,4.20,200
88M,1000,1000,200
5U5,1000,1000,200
5U6,1000,1000,200
79S,1000,1000,200
37S,1000,1000,200
5U7,1000,1000,200
29S,1000,1000,200
5U8,1000,1000,200
KGGW,4.00,3.60,200
KGDV,4.20,3.75,200
KGTF,4.90,3.70,200
00U,1000,1000,200
48S,1000,1000,200
U09,1000,1000,200
KHWQ,1000,1000,200
KHVR,5.40,5.00,200
KHLN,4.29,4.13,200
6U5,1000,1000,200
6U6,1000,1000,200
6U7,1000,1000,200
KJDN,1000,1000,200
KGPI,4.70,4.26,200
S27,5.05,5.15,200
6S8,1000,1000,200
80S,1000,1000,200
KLWT,4.50,4.30,200
S59,4.50,3.59,200
KLVM,5.00,4.50,200
M75,4.75,4.39,200
0S1,1000,1000,200
KMLS,4.90,4.60,200
KMSO,4.40,3.80,200
S00,1000,1000,200
U05,1000,1000,200
S34,1000,1000,200
KPWD,1000,1000,200
PO1,4.95,5.25,200
H28,1000,1000,200
KRED,1000,1000,200
7U8,1000,1000,200
7S0,3.75,4.21,200
KRPX,3.90,3.10,200
M42,1000,1000,200
8U0,1000,1000,200
8U2,1000,1000,200
9S2,5.30,3.83,200
8U3,1000,1000,200
23S,1000,1000,200
KSBX,3.85,3.65,200
KSDY,4.75,4.15,200
8U4,1000,1000,200
52S,1000,1000,200
32S,1000,1000,200
9S4,1000,1000,200
7S8,1000,1000,200
8U6,1000,1000,200
KTHM,1000,1000,200
9S5,1000,1000,200
B70,1000,1000,200
8U9,1000,1000,200
57S,1000,1000,200
9U0,1000,1000,200
7S1,4.39,4.10,200
7S7,1000,1000,200
KWYS,4.49,4.20,200
7S6,1000,1000,200
58S,1000,1000,200
9U1,1000,1000,200
BB0,1000,1000,200
BW8,1000,1000,200
CW0,1000,1000,200
WH0,1000,1000,200
LC0,1000,1000,200
L51,1000,1000,200
MT3,1000,1000,200
7S4,1000,1000,200
02T,1000,1000,200
KOLF,3.94,3.39,200
KANW,4.81,2.99,200
KBVN,1000,1000,200
KAIA,4.20,3.20,200
4D9,1000,1000,200
37V,1000,1000,200
8V2,1000,1000,200
KAUH,1000,1000,200
KRBE,1000,1000,200
KBIE,4.25,3.95,200
42V,1000,1000,200
KBTA,3.79,2.99,200
84Y,1000,1000,200
KBBW,4.68,3.82,200
KBUB,1000,1000,200
07K,1000,1000,200
KCDR,5.12,4.15,200
KCNP,1000,1000,200
KOLU,1000,1000,200
KCZD,4.58,3.95,200
6K3,1000,1000,200
KCEK,1000,1000,200
47V,1000,1000,200
KFBY,1000,1000,200
KFMZ,1000,1000,200
KFNB,1000,1000,200
KFET,5.09,2.66,200
97Y,1000,1000,200
KGRN,1000,1000,200
KGTE,1000,1000,200
KGRI,3.98,2.99,200
KGGF,1000,1000,200
08K,1000,1000,200
KHSI,3.60,3.25,200
4V6,1000,1000,200
KHJH,4.00,3.25,200
KHDE,5.00,4.15,200
1V2,1000,1000,200
KIML,1000,1000,200
KEAR,4.49,3.79,200
KLXN,3.55,2.55,200
KLNK,4.62,2.95,200
0F4,1000,1000,200
KMCK,3.99,2.99,200
0V3,1000,1000,200
KAFK,1000,3.25,200
4V9,1000,1000,200
KOFK,3.38,2.92,200
KLBF,4.69,2.99,200
KOGA,4.29,2.27,200
KOMA,3.65,2.79,200
KMLE,1000,1000,200
3NO,1000,1000,200
KODX,1000,1000,200
KOKS,1000,1000,200
50K,1000,1000,200
0C4,1000,1000,200
7V7,1000,1000,200
9V5,1000,1000,200
09K,1000,1000,200
KBFF,4.69,3.63,200
KSCB,1000,1000,200
KSWT,4.60,3.90,200
KSNY,3.99,2.99,200
7K8,1000,1000,200
0G3,1000,1000,200
KTQE,1000,1000,200
KTIF,1000,1000,200
0J9,1000,1000,200
KVTN,3.86,1000,200
KAHQ,4.25,2.99,200
64V,1000,1000,200
KLCG,1000,1000,200
KJYR,3.50,3.00,200
KTMT,5.19,4.99,200
KBAM,4.09,3.49,200
KBTY,1000,1000,200
KBVU,4.65,4.39,200
1L4,1000,1000,200
KCXP,3.95,2.75,200
U74,1000,1000,200
A34,1000,1000,200
E85,1000,1000,200
01U,1000,1000,200
2Q9,1000,1000,200
KEKO,4.25,3.99,200
KELY,1000,1000,200
05U,5.11,4.31,200
KFLX,4.09,3.49,200
N58,1000,1000,200
0L4,1000,1000,200
KHTH,5.10,3.99,200
06U,1000,1000,200
0L7,3.75,3.54,200
N15,1000,1000,200
KLAS,7.99,5.59,200
KHND,3.75,3.84,200
KVGT,3.75,3.84,200
KLOL,1000,1000,200
3Q0,1000,1000,200
KMEV,4.00,3.95,200
08U,1000,1000,200
U08,1000,1000,200
0L9,1000,1000,200
10U,1000,1000,200
74P,1000,1000,200
KRNO,3.95,2.75,200
KRTS,3.99,4.55,200
N86,1000,1000,200
3L2,1000,1000,200
1L3,1000,1000,200
KSPZ,3.80,3.75,200
N59,1000,1000,200
KTPH,4.25,2.96,200
KLWL,3.99,3.92,200
O43,1000,1000,200
KBML,1000,5.00,200
2N2,1000,1000,200
KCNH,1000,1000,200
4C4,1000,1000,200
KCON,4.50,5.50,200
KERR,1000,1000,200
1B5,1000,1000,200
7B3,1000,5.05,200
5B9,1000,1000,200
8B1,1000,1000,200
KAFN,1000,1000,200
KEEN,4.55,4.50,200
KLCI,4.00,3.10,200
KLEB,6.00,5.00,200
KMHT,6.75,5.26,200
2B3,1000,1000,200
1P1,1000,1000,200
KPSM,3.07,3.78,200
KDAW,1000,1000,200
8B2,1000,1000,200
KHIE,1000,1000,200
12N,1000,1000,200
13N,1000,1000,200
KACY,5.83,6.04,200
19N,5.50,6.00,200
1N7,1000,1000,200
00N,1000,1000,200
KCDW,5.44,4.50,200
17N,1000,1000,200
N05,1000,1000,200
N81,5.80,5.80,200
2N6,1000,1000,200
N07,4.85,1000,200
KLDJ,1000,1000,200
N14,5.15,5.25,200
47N,1000,1000,200
KMIV,5.40,4.99,200
KMMU,5.99,3.89,200
KVAY,5.25,4.90,200
KEWR,6.82,6.09,200
26N,1000,1000,200
7N7,1000,1000,200
N40,1000,1000,200
N85,4.75,4.30,200
39N,4.74,4.99,200
N51,4.99,4.89,200
N87,1000,1000,200
KSMQ,3.99,3.92,200
KFWN,4.45,4.25,200
KMJX,4.95,3.95,200
KTTN,5.24,5.52,200
28N,1000,1000,200
29N,1000,1000,200
31E,1000,1000,200
4N1,4.49,5.49,200
KWWD,5.19,4.17,200
C01,1000,1000,200
KOBI,1000,1000,200
KABQ,4.49,3.99,200
KAEG,4.49,3.99,200
KAXX,4.50,4.00,200
13Q,1000,1000,200
KATS,5.15,4.15,200
N19,1000,1000,200
KBRG,4.00,3.45,200
KCNM,4.90,3.90,200
F37,1000,1000,200
KCVN,4.84,2.74,200
E89,1000,1000,200
0E8,1000,1000,200
KDMN,3.90,3.50,200
24N,1000,1000,200
1N1,1000,1000,200
E14,4.40,4.00,200
E92,1000,1000,200
KFSU,1000,1000,200
KGUP,3.79,3.09,200
E94,1000,1000,200
KGNT,3.79,2.90,200
E05,1000,1000,200
KHOB,4.95,3.90,200
E26,1000,1000,200
KLRU,4.49,3.76,200
E32,1000,1000,200
KLSB,4.90,3.85,200
KLAM,1000,1000,200
E98,1000,1000,200
E06,1000,1000,200
N29,1000,1000,200
0E0,4.45,4.45,200
M10,1000,1000,200
KPRZ,1000,3.10,200
N24,1000,1000,200
KRTN,3.50,3.50,200
T16,1000,1000,200
KROW,5.30,6.25,200
KSRR,4.99,4.50,200
KSAF,4.49,3.99,200
KSXU,1000,1000,200
KDNA,4.99,4.11,200
KSVC,3.82,3.30,200
94E,1000,1000,200
KONM,1000,1000,200
S42,1000,1000,200
KSKX,4.45,4.45,200
18T,1000,1000,200
KTCS,4.26,3.27,200
KTCC,1000,1000,200
N17,1000,1000,200
9G3,1000,1000,200
KALB,4.17,3.82,200
9G6,1000,1000,200
D23,1000,1000,200
1C3,1000,1000,200
KGVQ,4.55,3.93,200
23N,1000,1000,200
7G0,3.99,1000,200
KBUF,6.10,5.56,200
9G0,5.59,4.59,200
D51,1000,1000,200
1B8,1000,1000,200
KIUA,3.96,3.52,200
1H1,1000,1000,200
K23,1000,1000,200
7N1,4.99,3.99,200
KDSV,1000,1000,200
1E8,1000,1000,200
4B1,1000,1000,200
KDKK,4.95,4.19,200
KHTO,6.49,5.29,200
49N,1000,1000,200
1F2,1000,1000,200
KELM,4.99,4.85,200
KCZG,1000,1000,200
KFRG,5.70,4.46,200
0B8,1000,1000,200
83K,1000,1000,200
1I5,1000,1000,200
KFZY,4.60,4.80,200
N25,1000,1000,200
K30,1000,1000,200
D52,1000,1000,200
NY1,1000,1000,200
KGFL,4.65,4.90,200
92G,1000,1000,200
D59,1000,1000,200
N56,1000,1000,200
4N7,1000,1000,200
1H4,1000,1000,200
4G2,1000,1000,200
KHTF,5.75,4.75,200
1B1,3.75,3.99,200
KITH,4.89,4.79,200
KJHW,4.99,4.49,200
NY0,1000,1000,200
1I1,1000,1000,200
20N,1000,1000,200
KBQR,1000,1000,200
5G0,1000,1000,200
1A1,1000,1000,200
0G0,1000,1000,200
KMAL,1000,1000,200
KMSS,4.50,3.65,200
21N,1000,1000,200
D79,1000,1000,200
4N2,1000,1000,200
44N,1000,1000,200
KMTP,1000,1000,200
KMGJ,4.50,4.25,200
KMSV,1000,5.00,200
KISP,5.57,4.70,200
KSWF,6.99,5.32,200
KJFK,6.82,6.09,200
KLGA,7.68,6.73,200
85N,1000,1000,200
KOIC,4.69,4.65,200
KOGS,4.39,3.99,200
KOLE,5.20,4.75,200
8G3,1000,1000,200
N66,4.90,4.95,200
D82,1000,1000,200
KPEO,3.99,2.99,200
01G,1000,1000,200
K09,1000,1000,200
KPTD,4.97,4.15,200
KPOU,4.90,4.62,200
46N,1000,1000,200
KROC,5.15,4.52,200
KRME,3.07,3.78,200
K16,1000,1000,200
W57,1000,1000,200
5B2,4.17,3.82,200
KSCH,4.50,4.00,200
4B7,1000,1000,200
B04,1000,1000,200
0G7,4.39,4.50,200
K31,1000,1000,200
D88,1000,1000,200
KHWV,5.45,4.99,200
N23,3.94,4.65,200
4B0,4.60,4.75,200
D91,1000,1000,200
09N,1000,1000,200
N69,1000,1000,200
KSYR,4.88,4.48,200
4B6,1000,1000,200
5B7,1000,1000,200
N45,1000,1000,200
5R5,1000,1000,200
N72,1000,1000,200
KART,4.50,4.00,200
B16,1000,1000,200
KELZ,1000,1000,200
KFOK,5.69,5.34,200
KHPN,5.99,3.89,200
KSDC,1000,1000,200
KASJ,4.82,2.29,200
KVUJ,4.03,4.48,200
KRHP,1000,1000,200
KHBI,1000,1000,200
KAVL,4.68,5.85,200
KMRH,4.45,4.28,200
3W6,1000,1000,200
KBUY,5.55,5.19,200
BQ1,1000,1000,200
8A6,1000,1000,200
KCTZ,4.35,4.19,200
KJQF,5.83,4.65,200
KONX,3.89,3.70,200
KEDE,1000,3.92,200
KECG,3.89,3.70,200
KEYF,1000,1000,200
KZEF,1000,1000,200
7W6,1000,1000,200
N08,1000,1000,200
KFAY,6.13,4.97,200
2GC,1000,1000,200
1A5,1000,1000,200
KAKH,4.53,3.16,200
KGWW,3.48,4.44,200
KGSO,3.65,3.25,200
3A4,1000,1000,200
KPGV,4.85,4.30,200
KHSE,1000,1000,200
0A7,1000,1000,200
KHKY,3.95,4.11,200
E40,1000,1000,200
N21,1000,1000,200
4W4,1000,1000,200
28A,1000,1000,200
N22,1000,1000,200
KGEV,3.75,3.55,200
78A,1000,1000,200
N88,1000,1000,200
KDPL,1000,3.59,200
KFFA,1000,1000,200
KISO,6.26,4.92,200
W17,1000,1000,200
KEXX,3.65,3.25,200
N61,1000,1000,200
KIPJ,3.99,3.99,200
KLHZ,4.25,3.69,200
KLBT,4.25,4.95,200
N92,1000,1000,200
KMQI,3.80,3.40,200
9A9,1000,1000,200
8A7,1000,1000,200
KEQY,3.90,3.90,200
14A,1000,1000,200
KMRN,4.35,4.80,200
KMWK,3.98,3.98,200
W40,3.50,1000,200
KEWN,5.15,4.80,200
KUKF,3.80,2.68,200
KSUT,4.46,3.88,200
60J,1000,1000,200
W95,1000,1000,200
KHNZ,3.89,3.59,200
N26,1000,1000,200
KSOP,4.00,4.10,200
KPMZ,3.92,2.75,200
7NC,5.00,4.50,200
5W4,6.00,5.50,200
KRDU,6.20,5.81,200
KSIF,3.79,3.52,200
6A5,1000,1000,200
KIXA,1000,1000,200
KRCZ,1000,1000,200
KRWI,3.50,3.10,200
8NC,1000,1000,200
KTDF,5.39,4.49,200
KRUQ,3.98,4.55,200
KTTA,4.12,3.43,200
KEHO,4.25,3.75,200
KSCR,1000,4.69,200
KJNX,3.99,3.59,200
7A8,4.50,4.50,200
43A,1000,1000,200
KSVH,4.51,4.52,200
24A,1000,1000,200
NC2,1000,1000,200
N97,1000,1000,200
KAFP,3.44,3.29,200
KACZ,1000,4.30,200
N63,1000,1000,200
KOCW,4.20,3.96,200
N52,1000,1000,200
KCPC,1000,1000,200
KMCZ,4.22,1000,200
W03,5.35,5.19,200
KINT,3.65,3.25,200
05N,1000,1000,200
80C,1000,1000,200
6W4,1000,1000,200
1A2,1000,1000,200
KASY,1000,1000,200
95D,1000,1000,200
KBIS,2.99,2.99,200
D09,1000,1000,200
5B4,1000,1000,200
KBWW,4.85,4.05,200
9D7,1000,1000,200
46D,1000,1000,200
5N8,1000,1000,200
2C8,4.28,4.00,200
S32,1000,1000,200
D50,1000,1000,200
KDVL,4.50,4.50,200
KDIK,4.49,4.59,200
D29,1000,1000,200
S28,1000,1000,200
51D,1000,1000,200
Y71,1000,1000,200
5N4,1000,1000,200
KFAR,4.78,4.56,200
D54,1000,1000,200
D24,1000,1000,200
Y27,1000,1000,200
9G9,1000,1000,200
D05,1000,1000,200
D57,1000,1000,200
KGFK,5.35,5.25,200
KGWR,3.57,3.00,200
5H4,1000,1000,200
6H8,1000,1000,200
KHZE,3.05,3.37,200
KHEI,4.90,1000,200
3H4,1000,1000,200
KJMS,5.75,5.25,200
7K5,1000,1000,200
K74,1000,1000,200
D03,1000,1000,200
4F9,1000,1000,200
5L0,1000,1000,200
D55,1000,1000,200
2L1,1000,1000,200
D31,1000,1000,200
4N4,1000,1000,200
6L3,1000,1000,200
6D3,1000,1000,200
Y19,4.59,3.44,200
D56,1000,1000,200
7G2,1000,1000,200
8M6,1000,1000,200
4R6,1000,1000,200
KMOT,4.96,4.80,200
D06,1000,1000,200
3P3,1000,1000,200
5B5,1000,1000,200
8J7,1000,1000,200
05D,1000,1000,200
4V4,1000,1000,200
2D5,1000,1000,200
64G,1000,1000,200
Y74,1000,1000,200
KPMB,1000,1000,200
Y99,1000,1000,200
4E8,1000,1000,200
37N,1000,1000,200
2H9,1000,1000,200
06D,1000,1000,200
KRUG,4.75,1000,200
4S5,1000,1000,200
D60,5.25,5.10,200
D61,1000,1000,200
91N,1000,1000,200
KBAC,1000,1000,200
KBWP,2.99,4.08,200
96D,1000,1000,200
5C8,1000,1000,200
D64,1000,1000,200
KXWA,4.80,4.65,200
6L5,1000,1000,200
0D7,1000,1000,200
KCAK,5.53,4.50,200
KAKR,5.53,4.65,200
1D4,1000,1000,200
2D1,1000,1000,200
3G4,5.35,3.75,200
KUNI,4.44,3.68,200
7B4,1000,1000,200
6G5,4.70,4.33,200
I69,4.31,3.17,200
2D7,1000,1000,200
KEDJ,4.00,3.50,200
5G7,4.65,3.80,200
1G0,4.50,3.28,200
3D8,1000,1000,200
17G,1000,1000,200
8G6,1000,1000,200
I10,1000,1000,200
KCDI,1000,3.63,200
KTSO,4.97,3.97,200
5D6,1000,1000,200
KCQA,4.53,3.68,200
6CM,1000,1000,200
KRZT,4.48,4.02,200
KLUK,4.50,3.84,200
KCYO,4.75,3.00,200
KCLE,7.50,5.03,200
KBKL,6.98,5.20,200
KCGF,6.90,4.95,200
5D9,1000,1000,200
4G8,1000,1000,200
KOSU,5.19,3.25,200
KLCK,4.71,3.28,200
KTZR,3.98,3.27,200
04I,1000,1000,200
I40,4.14,4.17,200
KDAY,4.90,3.44,200
KMGY,4.69,3.67,200
I19,1000,1000,200
3I7,1000,1000,200
I44,1000,1000,200
KDFI,4.27,3.20,200
KDLZ,5.19,3.25,200
6D7,1000,1000,200
02G,1000,1000,200
1G1,1000,1000,200
KFDY,4.57,3.89,200
KFZI,1000,1000,200
S24,4.86,3.95,200
KGQQ,4.95,3.80,200
KGAS,1000,1000,200
7D8,1000,1000,200
7D9,1000,1000,200
KGEO,4.79,4.29,200
KHAO,4.99,4.95,200
I67,1000,1000,200
88D,1000,1000,200
I43,1000,4.00,200
89D,1000,1000,200
1G3,1000,1000,200
I95,4.95,3.80,200
KLHQ,4.23,2.43,200
I68,1000,1000,200
R47,1000,1000,200
KAOH,4.66,3.89,200
KLPR,4.90,4.41,200
KMFD,5.22,4.31,200
KMNN,4.97,4.40,200
KMRT,1000,1000,200
22I,1000,1000,200
I71,1000,1000,200
1G5,4.95,1000,200
3T7,1000,1000,200
7G8,1000,1000,200
KMWO,4.40,3.50,200
10G,5.40,4.20,200
4I9,1000,1000,200
4I3,4.22,4.21,200
6G4,1000,1000,200
O74,1000,1000,200
7W5,4.26,4.08,200
KPHD,4.44,3.70,200
KVTA,4.92,3.44,200
41N,1000,1000,200
3X5,1000,1000,200
5A1,4.80,1000,200
KOWX,4.69,3.79,200
KOXD,4.99,1000,200
2G1,1000,1000,200
6C2,1000,1000,200
KPCW,4.15,3.16,200
KPMH,4.91,4.67,200
3W2,1000,1000,200
5E9,1000,1000,200
KPOV,4.99,3.79,200
38D,1000,1000,200
8G8,1000,1000,200
3G6,1000,1000,200
KSCA,4.45,3.85,200
KSGH,4.15,3.40,200
2P7,1000,1000,200
2G2,1000,1000,200
16G,3.84,3.17,200
KTOL,4.93,4.14,200
KTDZ,4.75,3.47,200
1G8,1000,1000,200
1WF,1000,1000,200
56D,1000,1000,200
I74,4.75,3.75,200
38I,1000,1000,200
KVNW,1000,1000,200
KVES,1000,1000,200
3G3,1000,1000,200
15G,1000,1000,200
I64,1000,1000,200
62D,5.15,3.72,200
I23,3.80,3.80,200
KUSE,1000,1000,200
KEOP,1000,1000,200
40I,1000,1000,200
80G,1000,1000,200
KAMT,1000,1000,200
8G1,1000,1000,200
KILN,1000,1000,200
I66,1000,1000,200
2B6,1000,1000,200
4G5,4.83,4.00,200
KBJJ,4.48,4.04,200
4G4,4.93,2.94,200
04G,1000,1000,200
KYNG,5.74,4.88,200
42I,1000,1000,200
KADH,4.30,3.75,200
3O9,5.20,4.95,200
KAXS,3.25,2.99,200
KAVK,3.85,3.40,200
F68,1000,1000,200
80F,1000,1000,200
KADM,1000,2.29,200
1F0,2.80,2.30,200
KBVO,3.98,3.29,200
K44,1000,1000,200
KBKN,1000,1000,200
17K,1000,1000,200
3F7,1000,1000,200
90F,1000,1000,200
KBFK,1000,1000,200
37K,1000,1000,200
91F,1000,1000,200
86F,1000,1000,200
KCQB,3.89,2.75,200
92F,1000,1000,200
4O5,1000,1000,200
93F,1000,1000,200
KCHK,1000,1000,200
KGCM,3.93,2.68,200
K11,1000,1000,200
KCLK,1000,3.02,200
08F,1000,1000,200
44M,1000,1000,200
F36,1000,1000,200
KCUH,3.49,2.89,200
97F,1000,1000,200
KDUC,3.96,2.69,200
KRQO,1000,1000,200
99F,1000,1000,200
KELK,3.80,3.02,200
KWDG,3.00,2.79,200
O13,1000,1000,200
F08,1000,1000,200
0F7,1000,1000,200
1OK,1000,1000,200
6K4,4.50,3.65,200
K77,1000,1000,200
KGAG,1000,1000,200
1K4,1000,1000,200
1O1,1000,1000,200
KGMJ,3.01,2.67,200
KGOK,3.45,3.95,200
KGUY,3.55,2.80,200
2K9,1000,1000,200
F32,1000,1000,200
2O8,1000,1000,200
KHBR,1000,1000,200
F99,1000,1000,200
O35,1000,1000,200
H92,1000,1000,200
O45,1000,1000,200
KHHW,3.69,3.19,200
O18,1000,1000,200
0K6,1000,1000,200
1K8,3.83,3.60,200
F92,1000,1000,200
F31,1000,1000,200
KLAW,4.00,3.50,200
O44,1000,1000,200
1K2,1000,1000,200
1F4,1000,1000,200
KMLC,3.89,3.05,200
O53,1000,1000,200
4O7,1000,1000,200
KMIO,3.81,3.63,200
KMDF,1000,1000,200
KMKO,3.25,2.99,200
O14,1000,1000,200
H66,1000,1000,200
O65,1000,1000,200
F81,1000,1000,200
KOKC,6.00,5.69,200
KPWA,4.69,4.22,200
KHSD,3.15,2.95,200
KRCE,4.76,3.95,200
KOKM,1000,1000,200
F09,1000,1000,200
KPVJ,4.09,3.89,200
H76,1000,1000,200
H97,1000,1000,200
F22,1000,1000,200
KPNC,3.30,2.65,200
2K1,1000,1000,200
KRKR,1000,1000,200
O47,1000,1000,200
H71,4.35,2.90,200
KJSV,1000,1000,200
KOWP,1000,1000,200
3O4,1000,1000,200
1S4,1000,1000,200
KSRE,1000,1000,200
KSNL,4.65,3.98,200
2F6,1000,1000,200
4O1,1000,1000,200
KSWO,3.49,2.99,200
1PP,1000,1000,200
KSUD,3.49,2.75,200
F30,1000,1000,200
KTQH,1000,1000,200
6F1,1000,1000,200
1O4,1000,1000,200
1O8,1000,1000,200
KTUL,4.38,2.70,200
KRVS,4.35,3.00,200
1H6,1000,1000,200
5O1,1000,1000,200
H04,1000,1000,200
H68,1000,1000,200
3O5,1000,1000,200
KJWG,3.39,3.39,200
KOJA,3.99,2.99,200
4F1,1000,1000,200
H05,1000,1000,200
KWWR,3.07,2.37,200
S12,3.79,3.99,200
R03,1000,1000,200
1S8,1000,1000,200
S03,4.30,4.39,200
KAST,1000,1000,200
KBKE,1000,1000,200
S05,1000,1000,200
2S2,1000,1000,200
KBDN,3.95,4.04,200
M50,1000,1000,200
KBOK,5.53,4.38,200
KBNO,5.35,3.95,200
KCZK,1000,1000,200
3S4,1000,1000,200
62S,1000,1000,200
3S6,1000,1000,200
3S9,1000,1000,200
4S4,1000,1000,200
KCVO,5.09,4.89,200
61S,1000,1000,200
5S2,1000,1000,200
5S5,1000,1000,200
8S4,1000,1000,200
O62,1000,1000,200
5S9,1000,1000,200
KEUG,5.10,4.62,200
6S2,4.75,3.85,200
6S4,1000,1000,200
S45,1000,1000,200
4S1,1000,1000,200
KHRI,3.89,4.30,200
7S3,1000,1000,200
4S2,1000,1000,200
7S9,1000,1000,200
25U,1000,1000,200
OR8,1000,1000,200
OR9,1000,1000,200
KGCD,1000,1000,200
KJSY,1000,1000,200
KLMT,4.68,3.24,200
KLGD,3.99,3.09,200
9S3,1000,1000,200
KLKV,3.95,3.45,200
S30,5.00,3.66,200
9S9,1000,1000,200
S33,5.05,4.40,200
3S7,1000,1000,200
26U,1000,1000,200
00S,1000,1000,200
KMMV,4.99,3.99,200
KMFR,4.70,3.91,200
12S,1000,1000,200
16S,1000,1000,200
17S,1000,1000,200
KONP,4.95,4.09,200
KOTH,5.70,5.15,200
5S0,1000,1000,200
KONO,5.15,4.10,200
28U,1000,1000,200
KPFC,1000,1000,200
22S,1000,1000,200
KPDT,4.00,3.69,200
KHIO,4.95,2.30,200
KPDX,4.95,2.30,200
KTTD,3.95,4.05,200
4S9,1000,1000,200
6S6,1000,1000,200
S39,4.10,3.75,200
64S,1000,1000,200
KRDM,4.51,4.69,200
KREO,1000,1000,200
5S1,1000,1000,200
KSLE,4.75,4.50,200
03S,1000,1000,200
S48,1000,1000,200
8S3,1000,1000,200
KSPB,1000,1000,200
56S,1000,1000,200
45S,1000,1000,200
5S6,1000,1000,200
S21,5.05,3.95,200
KDLS,3.75,3.85,200
KTMK,4.85,3.75,200
5S4,1000,1000,200
S49,1000,1000,200
05S,1000,1000,200
R33,1000,1000,200
35S,1000,1000,200
KXLL,4.94,3.64,200
KAOO,4.99,4.50,200
7N8,1000,1000,200
KBVI,4.93,2.75,200
KHMZ,4.75,5.54,200
N96,5.40,4.99,200
8N1,1000,1000,200
KBFD,1000,1000,200
P17,1000,1000,200
9W8,1000,1000,200
KBTP,4.93,2.75,200
3G9,1000,1000,200
8N4,1000,1000,200
N94,4.42,4.26,200
N74,1000,1000,200
N16,1000,1000,200
KAXQ,1000,1000,200
KFIG,4.59,3.86,200
KMQS,4.89,3.78,200
N10,1000,1000,200
KVVS,4.70,3.65,200
8G2,5.79,4.49,200
8N8,1000,1000,200
0P8,1000,1000,200
KDYL,4.89,4.50,200
N53,1000,1000,200
N43,4.78,2.94,200
9G8,1000,1000,200
22D,1000,1000,200
KERI,5.15,3.40,200
9N1,1000,1000,200
9N3,1000,1000,200
G05,1000,1000,200
KFKL,4.89,3.55,200
9N7,1000,1000,200
6P7,4.25,3.60,200
P91,1000,1000,200
W05,1000,1000,200
4G1,1000,1000,200
29D,5.30,3.60,200
KCXY,4.42,4.26,200
KHZL,4.85,3.50,200
N30,1000,1000,200
KIDI,4.25,3.75,200
31D,1000,1000,200
5G8,1000,1000,200
P96,1000,1000,200
KJST,3.95,2.95,200
07N,1000,1000,200
KLNS,4.31,4.95,200
08N,1000,1000,200
22N,4.49,3.09,200
14N,1000,1000,200
KLHV,5.40,4.25,200
P09,1000,1000,200
KGKJ,4.47,1000,200
P34,1000,1000,200
O03,1000,1000,200
N71,1000,1000,200
P45,1000,1000,200
KMPO,5.02,4.05,200
9D4,4.95,4.10,200
KUCP,1000,1000,200
7G4,1000,1000,200
58N,1000,1000,200
KCKZ,4.66,3.80,200
KPHL,5.85,5.25,200
KLOM,5.59,5.45,200
KPSB,1000,1000,200
1N3,1000,1000,200
KAGC,4.10,2.03,200
KPIT,4.10,2.03,200
9G1,1000,1000,200
P15,1000,1000,200
KPTW,4.89,3.99,200
KZER,5.13,3.73,200
N35,1000,1000,200
KUKT,1000,1000,200
KRDG,4.89,3.16,200
KRVL,4.35,1000,200
KSEG,4.90,4.49,200
N79,3.60,3.15,200
69N,1000,1000,200
S37,1000,1000,200
KOYM,5.75,4.90,200
KUNV,4.35,4.99,200
70N,1000,1000,200
0P2,1000,1000,200
71N,1000,1000,200
6G1,4.39,3.75,200
N57,1000,1000,200
74N,1000,1000,200
76N,1000,1000,200
KAFJ,5.08,3.61,200
KWAY,1000,1000,200
N38,4.90,3.75,200
2N5,1000,1000,200
KOQN,4.98,3.99,200
KWBW,1000,1000,200
KAVP,5.27,3.63,200
KIPT,5.53,4.08,200
KTHV,4.42,4.26,200
KPJC,4.56,2.88,200
KBID,1000,1000,200
KUUU,5.05,5.58,200
KOQU,5.25,5.83,200
KSFZ,5.25,5.53,200
KPVD,7.32,6.47,200
08R,1000,1000,200
KAIK,4.10,3.62,200
KAQX,1000,1000,200
KAND,4.68,4.13,200
KPHH,1000,1000,200
99N,1000,1000,200
KBNL,1000,1000,200
KARW,4.72,3.52,200
KBBP,5.00,3.89,200
52J,1000,1000,200
KCHS,6.27,4.53,200
KJZI,5.49,6.64,200
KCQW,1000,4.25,200
KDCM,4.85,4.55,200
KCEU,4.60,4.35,200
9W9,1000,1000,200
KCAE,4.51,3.13,200
KCUB,4.56,3.60,200
KHYW,3.13,1.88,200
6J7,1000,1000,200
KDLC,1000,1000,200
KFLO,3.46,3.09,200
KGGE,4.55,3.96,200
S17,1000,1000,200
S79,1000,1000,200
KGMU,4.53,5.08,200
KGRD,3.98,3.39,200
KGSP,5.93,4.11,200
3J0,3.95,4.20,200
KHVS,3.78,3.89,200
KHXD,7.27,6.14,200
5J5,1000,1000,200
KCKI,1000,1000,200
51J,1000,1000,200
KLKR,4.83,4.47,200
33A,1000,1000,200
KLUX,1000,1000,200
5J9,1000,1000,200
KMNI,3.51,3.55,200
KMAO,1000,1000,200
S19,1000,1000,200
KMKS,3.99,3.98,200
KLRO,4.50,3.75,200
KMYR,4.01,3.79,200
KCRE,3.97,3.69,200
KOGB,4.19,4.09,200
1DS,1000,1000,200
KPYG,1000,1000,200
6J0,1000,1000,200
KLQK,3.95,3.84,200
3J1,1000,1000,200
6J4,1000,1000,200
KSPA,3.90,3.75,200
6J2,1000,1000,200
KDYB,4.73,4.35,200
KSMS,5.20,4.24,200
58J,1000,1000,200
6J6,1000,1000,200
35A,1000,1000,200
KRBW,4.48,3.25,200
KABR,3.50,3.15,200
3A9,1000,1000,200
KEFC,4.70,4.17,200
6V5,1000,1000,200
KBTN,1000,1000,200
KBKX,5.30,4.95,200
9D2,1000,1000,200
7G9,1000,1000,200
9V9,5.16,3.69,200
5H3,1000,1000,200
D65,1000,1000,200
KCUT,1000,1000,200
6E5,1000,1000,200
84D,1000,1000,200
6V0,1000,1000,200
3W8,1000,1000,200
D07,1000,1000,200
3FU,1000,1000,200
4P3,1000,1000,200
0D8,4.10,3.75,200
9D1,5.20,3.75,200
2E6,1000,1000,200
5T4,1000,1000,200
9D0,1000,1000,200
KHSR,1000,1000,200
8D9,1000,1000,200
KHON,4.19,2.80,200
3Y7,1000,1000,200
5V8,1000,1000,200
6A6,1000,1000,200
8D8,1000,1000,200
Y34,1000,1000,200
KLEM,4.90,5.10,200
9V6,1000,1000,200
5P2,1000,1000,200
1D1,1000,1000,200
KMKA,5.00,3.50,200
KMHE,4.62,3.40,200
KMBG,1000,1000,200
8F6,1000,1000,200
7K7,1000,1000,200
8V3,4.60,4.10,200
KPHP,1000,1000,200
KPIR,4.68,3.47,200
KIEN,1000,1000,200
1D3,1000,1000,200
5P5,1000,1000,200
KRAP,3.98,2.89,200
1D8,1000,1000,200
KFSD,4.99,3.29,200
8D3,1000,1000,200
KSPF,4.99,4.49,200
Y03,4.90,3.33,200
49B,4.75,3.49,200
Y14,4.15,3.45,200
D58,1000,1000,200
KVMR,4.70,4.07,200
KAGZ,1000,1000,200
KATY,4.50,3.50,200
1D7,1000,1000,200
4X4,1000,1000,200
7Q7,1000,1000,200
KICR,1000,1000,200
KYKN,5.12,4.35,200
KMMI,1000,3.95,200
M08,1000,1000,200
0M4,3.13,3.60,200
KGHM,1000,1000,200
KCHA,4.76,5.17,200
1A0,1000,1000,200
KCKV,3.45,3.00,200
KRZR,3.60,3.39,200
M29,1000,1000,200
KFGU,3.94,3.23,200
KMRC,4.18,3.24,200
M04,3.24,3.63,200
KCSV,3.99,3.30,200
2A0,4.42,3.75,200
M02,1000,1000,200
KDYR,3.79,3.85,200
0A9,4.49,3.79,200
KFYM,4.18,2.62,200
1A7,1000,1000,200
KGCY,1000,1000,200
M31,1000,1000,200
0M3,1000,1000,200
M53,3.85,3.05,200
KHZD,3.03,3.28,200
KJAU,4.30,1000,200
KMKL,3.50,3.85,200
2A1,1000,1000,200
KAPT,1000,1000,200
KTYS,5.72,5.18,200
KDKX,4.98,4.89,200
3M7,1000,1000,200
2M2,1000,1000,200
M54,3.99,3.99,200
KLUG,3.15,2.90,200
KPVE,1000,1000,200
M15,1000,1000,200
KMNV,3.24,3.20,200
M93,1000,1000,200
KRNC,3.35,3.24,200
KMEM,6.47,6.21,200
M01,3.18,2.39,200
KNQA,3.00,2.30,200
2M8,3.18,2.39,200
KMOR,4.91,4.18,200
KMBT,3.76,2.56,200
KBNA,4.10,3.49,200
KJWN,4.29,3.54,200
KSCX,3.95,2.92,200
KPHT,1000,1000,200
1M5,3.80,3.70,200
KGZS,3.90,3.25,200
KRKW,4.65,4.25,200
KRVN,1000,1000,200
KSNH,3.75,3.40,200
KSZY,3.31,3.38,200
KGKT,4.60,4.50,200
KUOS,1000,1000,200
KSYI,3.70,3.30,200
0A3,3.55,1000,200
KMQY,4.10,3.49,200
KFYE,3.60,3.25,200
M91,3.35,4.05,200
3A2,1000,1000,200
0M2,1000,1000,200
KTGC,4.28,3.43,200
KTHA,3.35,2.99,200
KUCY,2.95,4.03,200
0M5,1000,2.87,200
KBGF,1000,3.28,200
KABI,3.99,4.49,200
T23,4.35,2.50,200
KALI,4.25,3.75,200
E38,4.51,2.96,200
1E2,1000,1000,200
6R5,1000,1000,200
KAMA,5.76,4.35,200
KTDW,3.80,2.43,200
H81,2.99,1.99,200
1E4,1000,1000,200
T00,4.00,3.40,200
E11,3.16,3.00,200
81D,1000,1000,200
7R9,1000,1000,200
KLBX,2.63,2.58,200
T39,1000,1000,200
KGKY,3.40,3.74,200
F44,1000,1000,200
KATA,1000,1000,200
KAUS,3.99,4.07,200
KEDC,4.90,5.20,200
KHYI,3.99,4.07,200
E30,1000,1000,200
KBYY,3.15,2.00,200
KHPY,3.90,3.20,200
54T,3.95,3.25,200
KBMT,3.52,2.72,200
KBPT,4.80,4.00,200
KBEA,3.99,2.50,200
TX2,1000,1000,200
06R,1000,1000,200
E41,1000,1000,200
KBPG,3.80,3.40,200
07R,1000,1000,200
KBGD,2.70,1.98,200
0F2,3.65,3.02,200
KBBD,3.39,2.99,200
KBKD,4.89,5.09,200
11R,2.49,2.59,200
KXBP,2.60,2.00,200
KBFE,3.25,2.66,200
KBRO,4.95,3.29,200
KCFD,4.12,2.86,200
KBMQ,2.99,3.55,200
7F3,1000,1000,200
KRWV,1000,1000,200
T35,4.36,2.98,200
KHHF,1000,3.29,200
7F5,1000,1000,200
KCZT,3.95,4.15,200
4F2,1000,1000,200
T80,1000,1000,200
9S1,1000,1000,200
F17,3.99,3.85,200
KCDS,4.10,3.25,200
3T8,1000,1000,200
KGZN,1000,3.20,200
3F2,1000,1000,200
E34,1000,1000,200
KLBR,1000,1000,200
6R3,1000,1000,200
7F7,1000,1000,200
KCOM,1000,1000,200
KCLL,2.49,2.59,200
T32,1000,1000,200
T88,1000,1000,200
66R,3.25,3.00,200
2F7,1000,1000,200
55T,1000,1000,200
KCRP,3.70,4.20,200
KCRS,1000,1000,200
KCOT,4.29,3.29,200
E13,1000,1000,200
KDKR,1000,1000,200
8F3,1000,1000,200
T71,1000,1000,200
KDHT,3.38,2.39,200
KDAL,4.19,3.74,200
KADS,4.19,3.74,200
KTKI,4.89,3.89,200
KRBD,3.20,3.00,200
F69,1000,1000,200
1F7,1000,1000,200
KDFW,5.10,4.40,200
KLUD,3.99,3.39,200
58T,1000,1000,200
09T,1000,1000,200
KDRT,3.98,3.71,200
2E5,1000,1000,200
KDTO,4.19,4.18,200
E57,5.20,5.20,200
23R,1000,1000,200
24R,1000,1000,200
T55,1000,1000,200
9F0,1000,1000,200
KDUX,1000,1.80,200
KELA,3.24,3.05,200
5T9,5.40,4.40,200
KETN,1000,3.20,200
KEBG,2.94,2.32,200
26R,1000,1000,200
KELP,4.49,3.95,200
27R,1000,1000,200
E35,1000,1000,200
KBKS,4.69,3.99,200
TX6,1000,1000,200
41F,4.45,2.60,200
T93,1000,1000,200
KGRK,1000,1000,200
KFST,4.39,3.55,200
KAFW,4.19,4.18,200
KFWS,3.50,4.25,200
T67,1000,1000,200
4T2,1000,1000,200
9F9,1000,1000,200
50F,3.63,3.41,200
T25,1000,1000,200
T82,4.35,3.45,200
T19,1000,1000,200
X09,1000,1000,200
KGLE,2.99,1.95,200
KGLS,4.35,3.99,200
KGOP,1000,1000,200
8T6,1000,3.65,200
KGTU,4.30,3.78,200
KGYB,4.10,3.90,200
KJXI,1000,1000,200
07F,1000,1000,200
T20,1000,1000,200
3T0,1000,1000,200
F35,1000,1000,200
KRPH,2.36,2.89,200
10F,1000,1000,200
KGDJ,1000,3.00,200
KGPM,3.19,3.43,200
KGVT,3.19,3.50,200
33R,1000,1000,200
E19,1000,1000,200
34R,1000,1000,200
KMNZ,1000,1000,200
KHRL,4.77,2.75,200
15F,1000,1000,200
KLHB,1000,1000,200
KHBV,1000,1000,200
KHRX,3.19,3.39,200
1X1,1000,1000,200
KINJ,2.78,2.25,200
KHDO,3.86,3.10,200
KDZB,5.24,4.74,200
KHOU,3.23,3.60,200
KIAH,4.60,3.60,200
KDWH,4.00,3.50,200
KCXO,3.99,3.50,200
KEFD,5.58,4.68,200
KTME,3.23,3.60,200
KIWS,3.26,3.07,200
KLVJ,3.90,1.99,200
KAXH,3.85,3.04,200
9X1,1000,1000,200
T51,1000,1000,200
2H5,1000,1000,200
39R,1000,1000,200
KTFP,3.70,4.20,200
2F0,1000,1000,200
21F,1000,1000,200
KJSO,2.63,2.97,200
KJAS,4.50,3.85,200
22F,1000,1000,200
24F,1000,1000,200
6F7,1000,1000,200
KJCT,3.25,2.50,200
3T6,1000,1000,200
XA0,1000,1000,200
2R9,3.99,3.24,200
KERV,3.50,3.45,200
KILE,3.60,3.60,200
KIKG,3.80,3.25,200
T12,1000,1000,200
45R,5.30,4.80,200
29F,1000,1000,200
E58,1000,1000,200
3T5,3.26,1000,200
T41,3.95,2.95,200
TX0,1000,1000,200
KRYW,1000,1000,200
T89,6.02,5.01,200
30F,1000,1000,200
KLUV,3.10,2.18,200
KLZZ,1000,1000,200
KLNC,2.85,2.25,200
KLRD,5.61,4.57,200
49R,1000,1000,200
KLLN,3.35,3.15,200
T78,3.80,2.95,200
7T0,1000,1000,200
KLIU,1000,1000,200
KAQO,3.10,2.85,200
50R,1000,1000,200
KGGG,4.20,3.20,200
T26,1000,1000,200
KLBB,3.99,4.49,200
F82,3.65,2.85,200
KLFK,3.59,3.49,200
51R,3.93,3.86,200
3T2,1000,1000,200
KMRF,1000,4.98,200
T15,1000,1000,200
KASL,3.45,2.85,200
T92,1000,1000,200
KMFE,3.99,3.85,200
E48,1000,1000,200
T31,1000,1000,200
F21,1000,1000,200
T50,1000,1000,200
KHQZ,3.20,3.00,200
KLXY,1000,1000,200
3E0,1000,1000,200
KMAF,3.53,3.77,200
KMDD,4.01,3.94,200
7T7,3.71,2.39,200
T56,1000,1000,200
3F9,1000,1000,200
KJDD,3.24,4.60,200
KMWL,3.39,3.49,200
E01,1000,1000,200
F85,1000,1000,200
KOSA,1000,2.98,200
6X0,1000,1000,200
2T1,1000,1000,200
37F,3.00,4.00,200
KOCH,3.69,3.29,200
60R,5.34,3.70,200
KBAZ,3.99,3.20,200
61R,1000,1000,200
KODO,3.53,3.77,200
KONY,1000,1000,200
KORG,2.58,2.40,200
3F6,1000,1000,200
KPSX,1000,1000,200
KPSN,3.00,2.89,200
T13,1000,1000,200
KPPA,3.80,3.00,200
T45,1000,1000,200
KPRX,3.29,2.99,200
T79,1000,1000,200
T30,1000,1000,200
KPYX,3.25,2.73,200
T24,1000,1000,200
F98,1000,1000,200
KPVW,3.20,2.00,200
KPEZ,3.50,3.10,200
74T,1000,1000,200
KRAS,1000,1000,200
KPKV,3.85,3.55,200
T05,1000,1000,200
9R5,1000,1000,200
5F1,1000,1000,200
KPRS,4.04,4.98,200
3T9,1000,1000,200
F01,1000,1000,200
T14,1000,1000,200
F23,1000,1000,200
KRFG,4.45,4.25,200
T76,1000,1000,200
67R,1000,1000,200
52F,1000,1000,200
KRBO,1000,1000,200
KRCK,1000,1000,200
KRKP,3.70,3.80,200
KECU,1000,1000,200
F46,3.25,3.00,200
T54,1000,1000,200
56F,1000,1000,200
2TX,1000,1000,200
KSJT,4.39,3.41,200
KSAT,6.95,5.59,200
5C1,3.99,3.25,200
KSKF,5.90,5.65,200
1T8,1000,1000,200
1T7,1000,1000,200
T94,1000,1000,200
8T8,1000,1000,200
74R,1000,1000,200
78R,1000,1000,200
81R,1000,1000,200
T58,1000,1000,200
T87,1000,1000,200
F97,1000,1000,200
E70,4.39,3.19,200
KGNC,1000,3.40,200
60F,1000,1000,200
2F1,1000,1000,200
KSWI,1000,1000,200
KGYI,3.79,3.59,200
T69,3.90,4.05,200
F49,3.25,2.90,200
T28,1000,1000,200
84R,1000,1000,200
KSNK,4.30,3.40,200
53T,1000,1000,200
KSOA,1000,1000,200
E42,1000,1000,200
88R,1000,1000,200
63F,1000,1000,200
KSEP,3.65,3.00,200
H70,1000,1000,200
KSLR,3.58,2.77,200
X43,1000,1000,200
2KL,1000,1000,200
KSWW,1000,1000,200
2F4,1000,1000,200
T74,2.85,3.05,200
KTPL,2.84,3.19,200
KTRL,3.25,3.00,200
72F,1000,1000,200
I06,1000,1000,200
KTYR,4.28,2.95,200
KUVA,3.70,4.00,200
9F1,1000,1000,200
KVHN,4.60,3.45,200
F05,3.20,3.75,200
KVCT,4.04,3.50,200
KACT,1000,1000,200
KCNW,4.96,3.35,200
KPWG,4.95,4.18,200
73F,1000,1000,200
KWEA,1000,1000,200
F78,1000,1000,200
KTXW,3.10,2.15,200
KARM,1000,1000,200
94R,1000,1000,200
T59,1000,1000,200
T29,1000,1000,200
5TX,1000,1000,200
KSPS,5.45,5.80,200
KCWC,3.41,2.86,200
F14,1000,1000,200
KINK,3.10,2.95,200
T90,1000,1000,200
F51,4.36,4.04,200
77F,1000,1000,200
09R,1000,1000,200
T85,1000,1000,200
KAPY,4.60,3.55,200
U52,1000,1000,200
KBDG,5.70,4.95,200
KBTF,1000,1000,200
KBMC,4.65,3.50,200
KBCE,5.05,4.30,200
KCDC,4.90,5.15,200
UT9,1000,1000,200
KDTA,4.20,3.65,200
U69,1000,1000,200
1L7,1000,1000,200
KFOM,4.01,3.66,200
U07,1000,1000,200
U34,1000,1000,200
U96,1000,1000,200
KHVE,1000,1000,200
KHCR,3.95,3.30,200
69V,1000,1000,200
1L8,1000,1000,200
KKNB,4.85,4.40,200
38U,1000,1000,200
KLGU,5.21,3.85,200
40U,1000,1000,200
41U,5.06,4.06,200
KMLF,4.99,3.85,200
KCNY,5.30,4.72,200
U64,5.52,4.40,200
U14,4.75,3.35,200
KOGD,3.95,3.30,200
U55,1000,1000,200
1L9,5.62,1000,200
KPUC,4.65,4.07,200
KPVU,5.45,4.93,200
KRIF,4.50,3.14,200
74V,1000,1000,200
KSLC,3.95,3.30,200
U42,4.85,4.30,200
KSPK,5.09,3.69,200
KSGU,5.45,5.19,200
KTVY,1000,1000,200
KVEL,4.90,3.85,200
KENV,4.50,3.55,200
KMPV,5.50,4.98,200
KDDH,1000,1000,200
KFSO,3.85,4.25,200
5B1,1000,1000,200
KCDA,1000,1000,200
6B0,1000,1000,200
KMVL,4.38,1000,200
KEFK,3.85,3.69,200
2B9,1000,1000,200
KRUT,4.66,4.41,200
VT8,1000,1000,200
B06,1000,1000,200
0B7,1000,1000,200
4V8,1000,1000,200
KVJI,4.19,3.46,200
KBCB,5.08,2.83,200
KBKT,4.68,4.10,200
KVBW,1000,1000,200
0V4,1000,1000,200
KCHO,5.75,5.45,200
KCXE,1000,1000,200
W63,1000,1000,200
W81,1000,1000,200
KCJR,4.25,3.95,200
KDAN,5.00,3.15,200
KPSK,4.88,4.85,200
KEMV,1000,1000,200
W90,1000,1000,200
KFKN,4.40,3.75,200
KEZF,3.99,3.69,200
KFRR,1000,1000,200
KHLX,4.49,4.25,200
KGVE,1000,1000,200
KHSP,3.95,3.95,200
0VG,1000,1000,200
W31,1000,1000,200
KJYO,6.00,5.39,200
KLKU,4.75,4.10,200
KLUA,4.80,3.80,200
KLYH,4.94,4.75,200
W24,1000,1000,200
KMKJ,4.65,3.75,200
KMTV,4.19,3.95,200
KMFV,1000,4.18,200
W91,1000,1000,200
KPHF,5.00,4.50,200
KORF,4.69,3.49,200
KPVG,4.69,3.49,200
KCPK,4.69,3.39,200
KOMH,1000,1000,200
KPTB,4.20,3.60,200
W96,1000,1000,200
KRIC,5.67,3.53,200
KFCI,5.50,4.00,200
KOFP,4.55,3.55,200
KROA,5.80,5.36,200
W75,1000,1000,200
W78,1000,1000,200
KAVC,4.70,3.89,200
KRMN,4.50,3.75,200
KSHD,5.23,4.59,200
KTGI,1000,1000,200
KXSA,1000,1000,200
KAKQ,1000,1000,200
KHWY,3.75,2.50,200
W13,1000,1000,200
9VG,1000,1000,200
KFYJ,4.60,3.89,200
KJGG,5.00,4.25,200
KOKV,4.14,4.35,200
74S,4.30,3.31,200
D69,1000,1000,200
KAWO,3.74,3.60,200
S50,1000,1000,200
4W0,1000,1000,200
W52,1000,1000,200
W58,1000,1000,200
KBLI,5.11,4.27,200
KPWT,4.24,3.79,200
KBVS,3.79,3.00,200
1W1,1000,1000,200
8S2,1000,1000,200
KCLS,3.41,2.08,200
S10,4.93,3.94,200
9WA,1000,1000,200
1S9,1000,1000,200
S93,1000,1000,200
2W1,1000,1000,200
S94,1000,1000,200
00W,1000,1000,200
S95,1000,1000,200
63S,1000,1000,200
3W5,1000,1000,200
S16,1000,1000,200
1S2,1000,1000,200
KDEW,4.98,3.90,200
KESW,1000,1000,200
KORS,1000,1000,200
2W3,1000,1000,200
3W7,1000,1000,200
KELN,4.89,4.37,200
KEPH,1000,1000,200
S18,1000,1000,200
KFHR,1000,1000,200
S20,1000,1000,200
21W,1000,1000,200
KHQM,5.00,3.99,200
7W1,1000,1000,200
S23,1000,1000,200
W09,1000,1000,200
KKLS,5.10,4.35,200
W10,1000,1000,200
69S,1000,1000,200
27W,1000,1000,200
0S0,1000,1000,200
S31,1000,1000,200
38W,1000,1000,200
8W3,1000,1000,200
M94,1000,1000,200
W12,1000,1000,200
09S,1000,1000,200
W16,1000,1000,200
39P,1000,1000,200
KMWH,1000,1000,200
W20,1000,1000,200
KOKH,1000,1000,200
W04,1000,1000,200
S35,1000,1000,200
KOLM,4.64,3.67,200
44T,1000,1000,200
KOMK,4.58,2.93,200
0S7,1000,1000,200
S70,1000,1000,200
55S,1000,1000,200
KPSC,5.97,3.23,200
1RL,1000,1000,200
0S9,1000,1000,200
S40,1000,1000,200
KPUW,1000,1000,200
KPLU,1000,1000,200
KUIL,1000,1000,200
80T,1000,1000,200
KRNT,4.07,3.82,200
R49,1000,1000,200
4S6,1000,1000,200
33S,1000,1000,200
8W9,1000,1000,200
72S,1000,1000,200
KBFI,4.99,3.83,200
KSEA,1000,1000,200
11S,1000,1000,200
W28,1000,1000,200
8W5,1000,1000,200
S88,1000,1000,200
S43,3.81,3.53,200
2S9,1000,1000,200
3B8,1000,1000,200
KGEG,6.06,5.68,200
KSFF,4.22,3.88,200
13W,1000,1000,200
16W,1000,1000,200
1S5,1000,1000,200
KTIW,4.49,2.92,200
73S,1000,1000,200
KTDO,1000,1000,200
W01,1000,1000,200
2S0,1000,1000,200
KVUO,1000,1000,200
W56,1000,1000,200
KALW,1000,4.28,200
2S4,1000,1000,200
2S5,1000,1000,200
KEAT,5.04,3.63,200
14S,1000,1000,200
2S8,1000,1000,200
5W1,1000,1000,200
S52,4.40,3.95,200
W27,1000,1000,200
70D,1000,1000,200
KBKW,4.85,3.75,200
W35,1000,1000,200
KBLF,4.85,3.75,200
W22,4.25,3.90,200
KCRW,4.55,3.36,200
KCKB,3.48,3.96,200
4G7,1000,1000,200
KHTS,4.68,3.78,200
I41,1000,1000,200
KLWB,4.92,4.63,200
6L4,4.80,3.95,200
KMRB,5.25,5.05,200
12V,1000,1000,200
KMGW,4.00,3.50,200
KMPG,1000,1000,200
KPKB,4.90,3.50,200
W99,4.70,4.00,200
79D,1000,1000,200
9W3,1000,1000,200
I16,1000,1000,200
3I2,1000,1000,200
I18,1000,1000,200
6W0,1000,1000,200
KUSW,1000,1000,200
55I,1000,1000,200
KSXL,1000,1000,200
48I,4.90,4.30,200
KHLG,4.86,3.38,200
KEBD,1000,1000,200
54W,1000,1000,200
KAHH,4.29,3.49,200
KATW,4.59,3.89,200
KASX,1000,4.00,200
KDLL,3.89,3.49,200
9Y7,1000,1000,200
44C,1000,1000,200
KBCK,4.85,4.31,200
KOVS,1000,1000,200
KBDJ,1000,1000,200
3T3,1000,1000,200
02C,1000,1000,200
KBUU,3.19,1.59,200
3CU,1000,1000,200
49C,1000,1000,200
C74,1000,1000,200
Y23,1000,1000,200
11Y,1000,1000,200
Y55,1000,1000,200
3D1,1000,1000,200
KUBE,3.99,4.50,200
C59,1000,1000,200
5G4,1000,1000,200
KEGV,4.25,3.30,200
57C,1000,1000,200
KEAU,4.62,4.42,200
58C,1000,1000,200
3D2,1000,1000,200
KFLD,3.92,3.79,200
61C,4.29,3.38,200
62C,3.50,2.50,200
63C,1000,1000,200
KGTG,1000,1000,200
KGRB,3.99,4.19,200
KHXF,3.80,2.80,200
KHYR,3.75,3.75,200
Y77,1000,1000,200
KJVL,3.85,3.90,200
KUNU,1000,1000,200
KENW,3.97,2.77,200
KLSE,5.04,3.96,200
4R5,1000,1000,200
KRCX,3.99,3.84,200
73C,1000,1000,200
KLNL,1000,1000,200
KLNR,3.98,1000,200
KMSN,4.39,3.99,200
87Y,1000,1000,200
D25,1000,1000,200
KMTW,1000,1000,200
KMFI,1000,1000,200
KMDZ,1000,1000,200
KRRL,1000,1000,200
C29,3.75,3.05,200
KMKE,4.65,6.19,200
KMWC,4.99,4.35,200
KMRJ,1000,1000,200
KARV,4.74,3.79,200
KEFT,3.00,2.70,200
KCWA,4.09,3.74,200
KDAF,1000,1000,200
KVIQ,1000,1000,200
8D1,1000,1000,200
82C,4.15,3.75,200
KRNH,1000,1000,200
KOCQ,1000,1000,200
KOEO,3.65,3.50,200
KOSH,4.59,4.19,200
88C,1000,1000,200
KPKF,1000,1000,200
KPVB,4.05,3.00,200
C47,3.74,4.55,200
KPDC,4.69,4.39,200
91C,1000,1000,200
5N2,1000,1000,200
92C,4.86,4.33,200
KRAC,1000,1000,200
C35,3.99,1000,200
KRHI,4.63,3.89,200
93C,1000,1000,200
94C,1000,1000,200
96C,1000,1000,200
KEZS,1000,1000,200
KSBM,4.39,4.49,200
KSSQ,1000,1000,200
W34,1000,1000,200
KOLG,1000,1000,200
KCMY,1000,1000,200
1H9,1000,1000,200
KSTE,1000,4.08,200
KSUE,4.89,4.49,200
C89,1000,1000,200
KSUW,4.49,3.50,200
7P5,1000,1000,200
40D,1000,1000,200
KTKV,1000,1000,200
W19,1000,1000,200
Y51,1000,1000,200
7V3,1000,1000,200
2P2,1000,1000,200
KRYV,1000,1000,200
KUES,4.75,3.90,200
6P3,1000,1000,200
KPCZ,4.18,3.21,200
Y50,1000,1000,200
KETB,3.92,3.79,200
5Y3,1000,1000,200
W23,1000,1000,200
KISW,3.99,3.80,200
4D1,1000,1000,200
KAFO,4.90,3.90,200
KBPI,4.85,3.71,200
KBYG,3.99,5.00,200
KCPR,5.05,5.90,200
KHAD,1000,1000,200
KCYS,4.00,2.99,200
KCOD,4.49,4.20,200
U06,1000,1000,200
U68,1000,1000,200
KDWX,1000,1000,200
KDUB,4.95,4.40,200
KEVW,3.95,3.30,200
KFBR,1000,1000,200
KGCC,5.05,4.90,200
76V,1000,1000,200
48U,1000,1000,200
KGEY,4.89,4.79,200
KGUR,1000,1000,200
W43,4.99,4.59,200
KEMM,5.11,3.82,200
KLND,4.53,4.05,200
KLAR,4.25,3.70,200
KLSK,1000,1000,200
80V,1000,1000,200
KECS,4.98,4.46,200
82V,1000,1000,200
KPOY,4.73,4.20,200
KRWL,4.80,4.65,200
KRIW,4.80,4.80,200
KRKS,4.49,3.99,200
KSAA,4.80,4.75,200
KSHR,5.33,3.81,200
49U,1000,1000,200
KHSG,4.39,3.77,200
KTOR,3.75,2.75,200
KEAN,1000,1000,200
KWRL,1000,4.95,200
KAUN,4.39,4.59,200
KBLH,4.84,3.94,200
KCXL,4.75,3.56,200
KCNO,3.99,2.95,200
0O4,1000,1000,200
D63,1000,1000,200
O89,1000,1000,200
KHJO,1000,1000,200
L26,1000,1000,200
L05,1000,1000,200
1O3,4.49,4.49,200
KMMH,5.50,4.99,200
KMHV,4.73,3.32,200
L52,1000,1000,200
O39,1000,1000,200
KRAL,3.50,3.00,200
KCPU,1000,1000,200
KSBP,3.87,3.66,200
0Q4,1000,1000,200
1Q2,1000,1000,200
KTLR,4.65,3.50,200
KVNY,5.11,4.42,200
O42,1000,1000,200
C24,4.75,4.25,200
00C,1000,1000,200
KGNB,4.10,3.37,200
7V8,1000,1000,200
KMVI,1000,1000,200
04V,1000,1000,200
2V5,1000,1000,200
9B8,1000,1000,200
KIJD,1000,1000,200
X06,1000,1000,200
X13,1000,1000,200
1J6,1000,1000,200
KRSW,5.53,3.81,200
KJAX,4.22,2.42,200
KLAL,3.29,4.88,200
KMIA,6.75,4.84,200
KORL,5.20,5.74,200
48X,1000,1000,200
KSUA,4.86,4.18,200
X59,4.20,4.14,200
KGIF,1000,1000,200
KPDK,5.42,4.41,200
KBHC,3.98,3.65,200
KCNI,3.55,2.13,200
KAJR,4.60,4.49,200
49A,1000,1000,200
KHOE,1000,1000,200
KMGR,3.10,2.90,200
KSAV,6.97,4.96,200
KTVI,3.21,3.38,200
KBXG,1000,1000,200
PHKO,6.67,3.66,200
KAOC,1000,1000,200
U54,1000,1000,200
S77,1000,1000,200
U84,1000,1000,200
KGNG,3.99,2.99,200
KIDA,4.77,4.32,200
U00,1000,1000,200
0U8,1000,1000,200
KMAN,1000,1000,200
50S,1000,1000,200
2U4,1000,1000,200
3U2,1000,1000,200
KCPS,5.85,5.67,200
KIGQ,4.62,3.00,200
H49,1000,1000,200
KFEP,3.99,3.97,200
9I0,1000,1000,200
KLWV,4.80,4.60,200
C09,3.80,3.80,200
KPRG,3.89,3.89,200
KSAR,3.45,2.85,200
I99,1000,1000,200
0I2,1000,1000,200
3EV,1000,1000,200
KGYY,4.80,2.85,200
KHHG,4.36,3.42,200
C62,4.75,3.75,200
C03,1000,1000,200
KPLD,1000,2.99,200
5I4,1000,1000,200
KDCY,3.98,3.65,200
K98,1000,1000,200
4K6,1000,1000,200
KCAV,1000,1000,200
KDEH,4.25,3.80,200
KFFL,4.95,3.95,200
6K9,1000,1000,200
KMIW,4.95,4.69,200
KMUT,3.90,4.00,200
KPEA,3.75,4.50,200
2Y4,1000,1000,200
8C4,1000,1000,200
3Y3,5.05,4.16,200
3AU,3.75,2.84,200
KCNU,4.25,3.41,200
KFLV,1000,1000,200
8K2,1000,1000,200
KHUT,3.48,3.58,200
4KS,1000,1000,200
KLYO,1000,1000,200
2K6,1000,1000,200
KOIN,1000,1000,200
KRSL,1000,1000,200
3TA,1000,1000,200
0H1,1000,1000,200
KWLD,1000,1000,200
KDVK,3.89,3.29,200
27K,3.25,2.40,200
K24,1000,1000,200
1A6,4.50,3.75,200
18I,1000,1000,200
2R6,1000,1000,200
4R7,1000,1000,200
1R1,1000,1000,200
3F3,3.44,3.65,200
KMSY,5.64,4.45,200
KAPS,3.36,3.20,200
L83,1000,1000,200
KAUG,4.95,3.95,200
B21,4.59,3.49,200
65B,1000,1000,200
KPQI,1000,2.50,200
KWVL,5.05,4.80,200
W32,1000,4.79,200
KVKX,1000,1000,200
KRJD,1000,1000,200
KBVY,4.45,4.25,200
1B6,1000,1000,200
KCEF,5.23,4.25,200
KAMN,1000,1000,200
KBTL,4.39,2.99,200
6Y1,1000,1000,200
KFPK,1000,1000,200
KOEB,4.70,4.25,200
C91,1000,1000,200
KESC,4.99,4.69,200
6D6,3.99,4.00,200
Z92,1000,1000,200
KOZW,4.20,2.65,200
08C,1000,1000,200
13C,1000,1000,200
5Y4,1000,1000,200
KTEW,1000,1000,200
KMOP,4.62,1000,200
6Y3,1000,1000,200
KRCT,1000,1000,200
96G,1000,1000,200
6Y6,1000,1000,200
C43,1000,1000,200
40C,1000,1000,200
48G,1000,1000,200
7Y3,1000,1000,200
6D1,1000,1000,200
KFRM,1000,3.99,200
KGDB,1000,1000,200
07Y,1000,1000,200
14Y,1000,1000,200
KFCM,4.45,4.25,200
KMOX,4.50,4.50,200
KPEX,1000,1000,200
KRGK,3.75,3.20,200
KTVF,3.49,3.60,200
KRRT,1000,1000,200
M40,3.62,3.15,200
1R7,1000,1000,200
M11,1000,1000,200
KHBG,3.09,3.31,200
KJAN,5.49,4.79,200
17M,1000,1000,200
KUOX,4.95,5.25,200
KVKS,4.00,4.56,200
2M1,1000,1000,200
KFWB,4.49,4.29,200
K26,1000,1000,200
X33,1000,1000,200
M85,1000,1000,200
M48,1000,1000,200
KLBO,3.55,3.00,200
6M6,1000,1000,200
KPCD,3.40,3.25,200
H58,1000,1000,200
KSTL,5.85,5.67,200
3VS,1000,1000,200
3U5,1000,1000,200
KBZN,4.80,4.30,200
M46,1000,1000,200
4U9,1000,1000,200
6S5,4.49,3.80,200
S09,1000,1000,200
S69,1000,1000,200
8S1,3.75,3.75,200
8U1,1000,1000,200
S64,1000,1000,200
8U8,1000,1000,200
7S2,1000,1000,200
K01,1000,1000,200
KCSB,1000,1000,200
93Y,1000,1000,200
0B4,1000,1000,200
KIBM,4.50,3.80,200
KONL,1000,1000,200
KPMV,1000,1000,200
12K,1000,1000,200
9U7,1000,1000,200
KGAB,1000,1000,200
67L,3.82,3.79,200
1L1,1000,1000,200
KWMC,4.25,3.55,200
2G8,1000,1000,200
KASH,5.75,4.85,200
N12,1000,1000,200
3N6,1000,1000,200
KTEB,5.70,3.89,200
KALM,5.25,3.55,200
KCAO,4.70,4.10,200
KFMN,3.79,3.09,200
KLVS,4.90,3.93,200
1V0,1000,1000,200
5V5,1000,1000,200
KBGM,4.99,4.99,200
N03,4.35,1000,200
N89,1000,1000,200
9G5,1000,4.25,200
KVGC,4.09,5.41,200
KLKP,4.35,5.00,200
06N,1000,1000,200
KIAG,5.25,5.03,200
KPBG,5.15,4.10,200
6B9,1000,1000,200
6B4,1000,1000,200
N82,1000,1000,200
KCLT,4.19,4.64,200
KHRJ,3.90,3.81,200
W88,1000,1000,200
KOAJ,3.99,5.05,200
2A5,1000,1000,200
KMEB,4.54,3.54,200
5W5,1000,1000,200
KFQD,4.29,3.25,200
KETC,1000,1000,200
KILM,3.99,4.86,200
20U,4.50,4.00,200
D49,1000,1000,200
4E7,1000,1000,200
KGAF,1000,1000,200
9Y1,4.00,3.50,200
KHBC,4.20,3.80,200
Y37,1000,1000,200
08D,3.45,3.00,200
S25,3.99,3.99,200
KHZY,6.15,5.49,200
0G6,4.50,3.15,200
KHTW,1000,1000,200
I73,1000,1000,200
14G,1000,1000,200
KHOC,1000,1000,200
KUYF,1000,1000,200
3W9,1000,1000,200
I86,1000,1000,200
I17,5.20,1000,200
12G,1000,1000,200
I54,1000,1000,200
KLNN,4.30,4.10,200
KZZV,4.73,3.21,200
KAQR,1000,1000,200
KCSM,1000,1000,200
95F,1000,1000,200
KDUA,3.98,2.67,200
KFDR,1000,1000,200
F10,1000,1000,200
4O4,3.99,2.32,200
KOUN,4.81,3.97,200
O38,1000,1000,200
3O3,1000,1000,200
KGZL,1000,1000,200
0F9,1000,1000,200
1K5,1000,1000,200
KUAO,5.29,4.54,200
77S,4.95,3.95,200
3S8,4.25,3.49,200
7S5,1000,1000,200
4S7,1000,1000,200
2S6,1000,1000,200
24S,1000,1000,200
KRBG,4.99,3.39,200
6K5,1000,1000,200
KABE,5.17,3.68,200
N68,1000,1000,200
KDUJ,5.35,4.75,200
W73,1000,1000,200
KMDT,4.42,4.26,200
KLBE,4.80,2.84,200
KFWQ,1000,4.10,200
KPNE,6.55,5.37,200
N47,4.99,4.35,200
2G9,4.00,3.00,200
6G6,1000,1000,200
KWST,5.10,4.47,200
KCDN,4.95,3.95,200
KUDG,1000,3.75,200
KGYH,3.90,3.35,200
T73,1000,1000,200
KEOE,1000,1000,200
KFDW,1000,4.50,200
8D7,1000,1000,200
3V0,1000,1000,200
9F8,1000,1000,200
KMDS,4.65,3.85,200
98D,5.15,3.40,200
KSUO,1000,1000,200
6V4,1000,1000,200
KTRI,5.54,6.06,200
KXNX,4.29,3.99,200
0A4,1000,1000,200
8A3,1000,1000,200
6A4,5.09,4.79,200
54M,1000,1000,200
KSRB,3.60,2.78,200
67T,1000,1000,200
1E7,1000,1000,200
T60,1000,1000,200
F00,1000,1000,200
KBWD,3.75,3.76,200
KCVB,3.50,2.95,200
KCPT,2.80,3.00,200
KMKN,3.72,3.69,200
8F5,1000,1000,200
76T,1000,1000,200
F41,3.05,2.59,200
KFTW,5.10,4.40,200
X54,3.75,3.80,200
T37,1000,1000,200
2G5,1000,1000,200
KRFI,1000,1000,200
KSGR,3.23,3.60,200
KUTS,3.51,3.88,200
16X,1000,1000,200
3R9,1000,1000,200
00R,1000,1000,200
T91,1000,1000,200
2E7,1000,1000,200
KJWY,4.09,4.01,200
F53,4.09,3.80,200
KOZA,4.35,3.95,200
KPEQ,3.85,3.55,200
KPIL,4.54,2.80,200
T48,1000,1000,200
KSSF,5.19,4.25,200
6X8,1000,1000,200
3TX,1000,1000,200
F56,1000,1000,200
68F,1000,1000,200
E52,3.30,3.10,200
F06,1000,1000,200
76F,1000,1000,200
33U,1000,1000,200
U13,1000,1000,200
42U,1000,1000,200
44U,1000,1000,200
KBTV,5.19,4.05,200
KVSF,1000,1000,200
7W4,1000,1000,200
KLVL,1000,1000,200
8W2,1000,1000,200
KJFZ,4.25,3.75,200
KSFQ,1000,1000,200
KLNP,4.10,4.00,200
S97,1000,1000,200
C72,1000,1000,200
68S,1000,1000,200
KPAE,4.94,3.55,200
70S,1000,1000,200
43D,1000,1000,200
KCLM,5.98,3.71,200
KRLD,4.45,2.88,200
KSHN,4.25,5.00,200
6S9,1000,1000,200
2S1,1000,1000,200
KEKN,1000,1000,200
7G1,1000,1000,200
3I4,1000,1000,200
KAIG,1000,1000,200
C37,1000,1000,200
KCLI,3.75,2.99,200
60C,1000,1000,200
68C,1000,1000,200
C02,1000,1000,200
79C,1000,1000,200
KPBH,1000,1000,200
KRPD,4.05,4.10,200
KRZN,3.99,3.59,200
Y72,1000,1000,200
KAUW,1000,4.08,200
46U,4.85,3.95,200
KDGW,1000,1000,200
KJAC,4.85,3.95,200
83V,1000,1000,200
E79,1000,1000,200
KPMD,1000,1000,200
KAEJ,1000,5.20,200
N06,1000,1000,200
KPGD,2.78,3.24,200
2J3,4.26,3.45,200
0U7,1000,1000,200
S72,1000,1000,200
6I4,1000,1000,200
KHNR,1000,1000,200
KDDC,4.24,2.82,200
55K,1000,1000,200
KTZV,1000,1000,200
KIZG,1000,4.54,200
KAQW,1000,1000,200
KPLN,5.35,4.94,200
KCQM,4.17,1000,200
KSGS,1000,1000,200
KJVW,3.50,2.95,200
KEVU,4.17,3.73,200
1S3,1000,1000,200
9S7,1000,1000,200
L92,1000,1000,200
KBLM,5.30,4.55,200
KSLK,4.49,4.31,200
N83,1000,1000,200
7L2,1000,1000,200
KCMH,5.19,3.25,200
KAXV,1000,1000,200
2K4,1000,1000,200
2S7,1000,1000,200
N13,1000,1000,200
N27,3.70,2.75,200
1A3,1000,1000,200
5T0,1000,1000,200
6R6,1000,1000,200
F75,1000,1000,200
49F,1000,1000,200
66V,1000,1000,200
KFVX,4.80,4.14,200
KYKM,5.66,3.93,200
KLUM,1000,1000,200
KPNA,1000,4.05,200
C77,1000,1000,200
KGLR,4.80,4.94,200
KXNI,1000,1000,200
KUZA,4.19,4.64,200
S36,1000,1000,200
